,Id,ActivityDay,SedentaryMinutes,LightlyActiveMinutes,FairlyActiveMinutes,VeryActiveMinutes,SedentaryActiveDistance,LightActiveDistance,ModeratelyActiveDistance,VeryActiveDistance
0,1503960366,2016-04-12,728,328,13,25,0.0,6.05999994277954,0.550000011920929,1.87999999523163
1,1503960366,2016-04-13,776,217,19,21,0.0,4.71000003814697,0.689999997615814,1.57000005245209
2,1503960366,2016-04-14,1218,181,11,30,0.0,3.91000008583069,0.400000005960464,2.44000005722046
3,1503960366,2016-04-15,726,209,34,29,0.0,2.82999992370605,1.25999999046326,2.14000010490417
4,1503960366,2016-04-16,773,221,10,36,0.0,5.03999996185303,0.409999996423721,2.71000003814697
5,1503960366,2016-04-17,539,164,20,38,0.0,2.50999999046326,0.779999971389771,3.19000005722046
6,1503960366,2016-04-18,1149,233,16,42,0.0,4.71000003814697,0.639999985694885,3.25
7,1503960366,2016-04-19,775,264,31,50,0.0,5.03000020980835,1.32000005245209,3.52999997138977
8,1503960366,2016-04-20,818,205,12,28,0.0,4.23999977111816,0.479999989271164,1.96000003814697
9,1503960366,2016-04-21,838,211,8,19,0.0,4.65000009536743,0.349999994039536,1.3400000333786
10,1503960366,2016-04-22,1217,130,27,66,0.0,2.24000000953674,1.12000000476837,4.76000022888184
11,1503960366,2016-04-23,732,262,21,41,0.0,5.3600001335144,0.870000004768372,2.80999994277954
12,1503960366,2016-04-24,709,238,5,39,0.0,3.27999997138977,0.209999993443489,2.92000007629395
13,1503960366,2016-04-25,814,216,14,73,0.0,3.94000005722046,0.569999992847443,5.28999996185303
14,1503960366,2016-04-26,833,279,23,31,0.0,5.53999996185303,0.920000016689301,2.32999992370605
15,1503960366,2016-04-27,1108,243,11,78,0.0,5.40999984741211,0.409999996423721,6.40000009536743
16,1503960366,2016-04-28,782,189,28,48,0.0,3.78999996185303,1.1599999666214,3.53999996185303
17,1503960366,2016-04-29,815,243,12,16,0.0,5.57999992370605,0.5,1.05999994277954
18,1503960366,2016-04-30,712,217,34,52,0.0,4.26999998092651,1.41999995708466,3.55999994277954
19,1503960366,2016-05-01,730,246,35,33,0.0,2.92000007629395,1.60000002384186,2.28999996185303
20,1503960366,2016-05-02,798,277,15,41,0.0,5.92000007629395,0.569999992847443,3.21000003814697
21,1503960366,2016-05-03,816,254,24,50,0.0,4.88000011444092,1.04999995231628,3.73000001907349
22,1503960366,2016-05-04,1179,203,22,36,0.0,3.8199999332428,0.870000004768372,2.46000003814697
23,1503960366,2016-05-05,857,250,24,45,0.0,4.88000011444092,1.08000004291534,2.92000007629395
24,1503960366,2016-05-06,754,289,6,24,0.0,5.80999994277954,0.25,1.97000002861023
25,1503960366,2016-05-07,833,175,46,37,0.0,3.13000011444092,2.11999988555908,2.46000003814697
26,1503960366,2016-05-08,574,203,8,44,0.0,2.73000001907349,0.319999992847443,3.52999997138977
27,1503960366,2016-05-09,835,206,11,46,0.0,3.74000000953674,0.529999971389771,3.45000004768372
28,1503960366,2016-05-10,746,214,31,46,0.0,3.25999999046326,1.1599999666214,3.34999990463257
29,1503960366,2016-05-11,669,251,23,36,0.0,4.55000019073486,1.00999999046326,2.55999994277954
30,1503960366,2016-05-12,1440,0,0,0,0.0,0.0,0.0,0.0
31,1624580081,2016-04-12,1294,146,0,0,0.0,5.30999994277954,0.0,0.0
32,1624580081,2016-04-13,1292,148,0,0,0.0,4.55000019073486,0.0,0.0
33,1624580081,2016-04-14,1204,236,0,0,0.0099999997764825,5.90999984741211,0.0,0.0
34,1624580081,2016-04-15,1344,96,0,0,0.0,0.970000028610229,0.0,0.0
35,1624580081,2016-04-16,1264,176,0,0,0.0,3.49000000953674,0.0,0.0
36,1624580081,2016-04-17,1276,127,22,15,0.0099999997764825,1.49000000953674,1.51999998092651,1.02999997138977
37,1624580081,2016-04-18,1214,202,7,17,0.0099999997764825,4.61999988555908,0.620000004768372,2.15000009536743
38,1624580081,2016-04-19,1299,141,0,0,0.0,1.89999997615814,0.0,0.0
39,1624580081,2016-04-20,1289,151,0,0,0.0,3.23000001907349,0.0,0.0
40,1624580081,2016-04-21,1254,186,0,0,0.0199999995529652,4.1100001335144,0.0,0.0
41,1624580081,2016-04-22,1241,199,0,0,0.0,2.59999990463257,0.0,0.0
42,1624580081,2016-04-23,1213,227,0,0,0.0099999997764825,5.53999996185303,0.0,0.0
43,1624580081,2016-04-24,1221,185,18,16,0.0,1.88999998569489,0.910000026226044,1.14999997615814
44,1624580081,2016-04-25,1238,202,0,0,0.0199999995529652,4.19999980926514,0.0,0.0
45,1624580081,2016-04-26,1300,140,0,0,0.0099999997764825,1.83000004291534,0.0,0.0
46,1624580081,2016-04-27,1233,154,36,17,0.0,2.46000003814697,1.87000000476837,1.11000001430511
47,1624580081,2016-04-28,1320,115,5,0,0.0,1.60000002384186,0.200000002980232,0.0
48,1624580081,2016-04-29,1290,150,0,0,0.0,1.54999995231628,0.0,0.0
49,1624580081,2016-04-30,1182,224,23,11,0.0099999997764825,2.11999988555908,1.27999997138977,0.899999976158142
50,1624580081,2016-05-01,1020,171,63,186,0.0199999995529652,1.9099999666214,4.19000005722046,21.9200000762939
51,1624580081,2016-05-02,1261,166,6,7,0.0,3.47000002861023,0.589999973773956,0.860000014305115
52,1624580081,2016-05-03,1344,96,0,0,0.0199999995529652,1.3400000333786,0.0,0.0
53,1624580081,2016-05-04,1322,118,0,0,0.0,1.41999995708466,0.0,0.0
54,1624580081,2016-05-05,1323,117,0,0,0.0199999995529652,1.58000004291534,0.0,0.0
55,1624580081,2016-05-06,1338,102,0,0,0.0099999997764825,1.12000000476837,0.0,0.0
56,1624580081,2016-05-07,1258,182,0,0,0.0,1.37000000476837,0.0,0.0
57,1624580081,2016-05-08,1288,152,0,0,0.0,2.22000002861023,0.0,0.0
58,1624580081,2016-05-09,1349,91,0,0,0.0,1.12999999523163,0.0,0.0
59,1624580081,2016-05-10,1301,139,0,0,0.0099999997764825,1.91999995708466,0.0,0.0
60,1624580081,2016-05-11,1328,112,0,0,0.0,2.03999996185303,0.0,0.0
61,1624580081,2016-05-12,890,107,0,0,0.0099999997764825,1.91999995708466,0.0,0.0
62,1644430081,2016-04-12,1131,256,51,2,0.0,5.32999992370605,2.29999995231628,0.140000000596046
63,1644430081,2016-04-13,1259,135,16,30,0.0,2.64000010490417,0.899999976158142,2.27999997138977
64,1644430081,2016-04-14,1125,252,58,5,0.0,5.09999990463257,2.55999994277954,0.360000014305115
65,1644430081,2016-04-15,1263,170,4,3,0.0,3.45000004768372,0.150000005960464,0.219999998807907
66,1644430081,2016-04-16,1135,212,42,51,0.0,5.09000015258789,1.87999999523163,4.09999990463257
67,1644430081,2016-04-17,1212,186,13,29,0.0,3.54999995231628,0.569999992847443,2.25
68,1644430081,2016-04-18,1271,121,33,15,0.0,2.45000004768372,1.66999995708466,1.07000005245209
69,1644430081,2016-04-19,1099,278,58,5,0.0,5.30000019073486,2.52999997138977,0.360000014305115
70,1644430081,2016-04-20,1315,125,0,0,0.0099999997764825,1.75999999046326,0.0,0.0
71,1644430081,2016-04-21,1402,38,0,0,0.0099999997764825,0.879999995231628,0.0,0.0
72,1644430081,2016-04-22,1354,86,0,0,0.0099999997764825,2.66000008583069,0.0,0.0
73,1644430081,2016-04-23,1265,160,15,0,0.0,4.25,0.579999983310699,0.0
74,1644430081,2016-04-24,1351,89,0,0,0.0,2.41000008583069,0.0,0.0
75,1644430081,2016-04-25,1337,94,1,8,0.0,1.95000004768372,0.0599999986588955,0.589999973773956
76,1644430081,2016-04-26,1165,223,41,11,0.0,4.69000005722046,1.72000002861023,0.800000011920929
77,1644430081,2016-04-27,1322,118,0,0,0.0,2.20000004768372,0.0,0.0
78,1644430081,2016-04-28,1157,227,53,3,0.0,4.30999994277954,2.3199999332428,0.200000002980232
79,1644430081,2016-04-29,1193,120,0,0,0.0,2.30999994277954,0.0,0.0
80,1644430081,2016-04-30,816,402,71,9,0.0,9.46000003814697,3.14000010490417,0.629999995231628
81,1644430081,2016-05-01,908,146,24,3,0.0,3.23000001907349,0.990000009536743,0.239999994635582
82,1644430081,2016-05-02,682,148,7,1,0.0,2.34999990463257,0.310000002384186,0.0700000002980232
83,1644430081,2016-05-03,1115,221,94,10,0.0,4.53999996185303,4.09000015258789,0.720000028610229
84,1644430081,2016-05-04,1388,52,0,0,0.0199999995529652,1.6599999666214,0.0,0.0
85,1644430081,2016-05-05,1341,81,12,6,0.0099999997764825,2.13000011444092,0.540000021457672,0.519999980926514
86,1644430081,2016-05-06,1054,369,6,11,0.0199999995529652,6.01000022888184,0.270000010728836,0.819999992847443
87,1644430081,2016-05-07,1139,243,17,41,0.0099999997764825,5.67000007629395,0.790000021457672,3.25999999046326
88,1644430081,2016-05-08,991,295,0,0,0.0,4.88000011444092,0.0,0.0
89,1644430081,2016-05-09,1099,303,6,32,0.0099999997764825,2.08999991416931,0.349999994039536,2.39000010490417
90,1644430081,2016-05-10,1254,155,19,12,0.0099999997764825,4.96999979019165,0.810000002384186,0.879999995231628
91,1644430081,2016-05-11,713,49,0,0,0.0099999997764825,0.949999988079071,0.0,0.0
92,1844505072,2016-04-12,1101,339,0,0,0.0,4.42999982833862,0.0,0.0
93,1844505072,2016-04-13,1192,248,0,0,0.0,3.25999999046326,0.0,0.0
94,1844505072,2016-04-14,843,373,0,0,0.0,5.23000001907349,0.0,0.0
95,1844505072,2016-04-15,527,176,0,0,0.0,2.53999996185303,0.0,0.0
96,1844505072,2016-04-16,1293,147,0,0,0.0,2.25999999046326,0.0,0.0
97,1844505072,2016-04-17,1231,199,8,2,0.0,2.58999991416931,0.259999990463257,0.140000000596046
98,1844505072,2016-04-18,1211,217,12,0,0.0,2.55999994277954,0.479999989271164,0.0
99,1844505072,2016-04-19,1430,10,0,0,0.0,0.129999995231628,0.0,0.0
100,1844505072,2016-04-20,1439,1,0,0,0.0,0.0099999997764825,0.0,0.0
101,1844505072,2016-04-21,1117,308,13,2,0.0,4.67999982833862,0.519999980926514,0.119999997317791
102,1844505072,2016-04-22,1220,220,0,0,0.0,3.54999995231628,0.0,0.0
103,1844505072,2016-04-23,1301,139,0,0,0.0,2.35999989509583,0.0,0.0
104,1844505072,2016-04-24,1440,0,0,0,0.0,0.0,0.0,0.0
105,1844505072,2016-04-25,1440,0,0,0,0.0,0.0,0.0,0.0
106,1844505072,2016-04-26,1440,0,0,0,0.0,0.0,0.0,0.0
107,1844505072,2016-04-27,1439,1,0,0,0.0,0.0,0.0,0.0
108,1844505072,2016-04-28,1138,302,0,0,0.0,4.55999994277954,0.0,0.0
109,1844505072,2016-04-29,1082,247,0,0,0.0,3.25,0.0,0.0
110,1844505072,2016-04-30,218,184,0,0,0.0,2.65000009536743,0.0,0.0
111,1844505072,2016-05-01,585,75,7,0,0.0,1.45000004768372,0.259999990463257,0.0
112,1844505072,2016-05-02,1440,0,0,0,0.0,0.0,0.0,0.0
113,1844505072,2016-05-03,1256,184,0,0,0.0,2.6800000667572,0.0,0.0
114,1844505072,2016-05-04,1353,87,0,0,0.0,1.37000000476837,0.0,0.0
115,1844505072,2016-05-05,1320,120,0,0,0.0,1.48000001907349,0.0,0.0
116,1844505072,2016-05-06,1438,2,0,0,0.0,0.0299999993294477,0.0,0.0
117,1844505072,2016-05-07,1440,0,0,0,0.0,0.0,0.0,0.0
118,1844505072,2016-05-08,1440,0,0,0,0.0,0.0,0.0,0.0
119,1844505072,2016-05-09,1440,0,0,0,0.0,0.0,0.0,0.0
120,1844505072,2016-05-10,1440,0,0,0,0.0,0.0,0.0,0.0
121,1844505072,2016-05-11,1440,0,0,0,0.0,0.0,0.0,0.0
122,1844505072,2016-05-12,711,0,0,0,0.0,0.0,0.0,0.0
123,1927972279,2016-04-12,734,55,0,0,0.0,0.469999998807907,0.0,0.0
124,1927972279,2016-04-13,986,32,0,0,0.0,0.25,0.0,0.0
125,1927972279,2016-04-14,1292,88,9,0,0.0,1.10000002384186,0.400000005960464,0.0
126,1927972279,2016-04-15,941,51,0,0,0.0,0.680000007152557,0.0,0.0
127,1927972279,2016-04-16,1440,0,0,0,0.0,0.0,0.0,0.0
128,1927972279,2016-04-17,1440,0,0,0,0.0,0.0,0.0,0.0
129,1927972279,2016-04-18,1423,17,0,0,0.0,0.170000001788139,0.0,0.0
130,1927972279,2016-04-19,1440,0,0,0,0.0,0.0,0.0,0.0
131,1927972279,2016-04-20,1440,0,0,0,0.0,0.0,0.0,0.0
132,1927972279,2016-04-21,1440,0,0,0,0.0,0.0,0.0,0.0
133,1927972279,2016-04-22,1430,10,0,0,0.0,0.100000001490116,0.0,0.0
134,1927972279,2016-04-23,1295,145,0,0,0.0,2.03999996185303,0.0,0.0
135,1927972279,2016-04-24,1358,75,6,1,0.0,1.13999998569489,0.239999994635582,0.0700000002980232
136,1927972279,2016-04-25,1303,12,0,0,0.0,0.109999999403954,0.0,0.0
137,1927972279,2016-04-26,1058,192,0,0,0.0,2.59999990463257,0.0,0.0
138,1927972279,2016-04-27,1440,0,0,0,0.0,0.0,0.0,0.0
139,1927972279,2016-04-28,1167,95,0,0,0.0,1.1599999666214,0.0,0.0
140,1927972279,2016-04-29,1440,0,0,0,0.0,0.0,0.0,0.0
141,1927972279,2016-04-30,1440,0,0,0,0.0,0.0,0.0,0.0
142,1927972279,2016-05-01,1355,70,1,14,0.0,0.829999983310699,0.0299999993294477,1.00999999046326
143,1927972279,2016-05-02,1322,94,8,16,0.0,1.1599999666214,0.300000011920929,1.1599999666214
144,1927972279,2016-05-03,1413,17,0,10,0.0,0.180000007152557,0.0,0.730000019073486
145,1927972279,2016-05-04,1353,87,0,0,0.0,1.24000000953674,0.0,0.0
146,1927972279,2016-05-05,1440,0,0,0,0.0,0.0,0.0,0.0
147,1927972279,2016-05-06,1332,108,0,0,0.0,1.45000004768372,0.0,0.0
148,1927972279,2016-05-07,1392,48,0,0,0.0,1.03999996185303,0.0,0.0
149,1927972279,2016-05-08,1440,0,0,0,0.0,0.0,0.0,0.0
150,1927972279,2016-05-09,1440,0,0,0,0.0,0.0,0.0,0.0
151,1927972279,2016-05-10,1440,0,0,0,0.0,0.0,0.0,0.0
152,1927972279,2016-05-11,1440,0,0,0,0.0,0.0,0.0,0.0
153,1927972279,2016-05-12,966,0,0,0,0.0,0.0,0.0,0.0
154,2022484408,2016-04-12,1157,227,14,42,0.0,4.26000022888184,0.769999980926514,3.30999994277954
155,2022484408,2016-04-13,1100,292,5,43,0.0,5.40999984741211,0.100000001490116,2.99000000953674
156,2022484408,2016-04-14,1148,257,3,32,0.0,4.82000017166138,0.209999993443489,2.48000001907349
157,2022484408,2016-04-15,1122,282,9,27,0.0,5.78000020980835,0.310000002384186,1.94000005722046
158,2022484408,2016-04-16,1237,151,11,41,0.0,3.39000010490417,0.550000011920929,3.15000009536743
159,2022484408,2016-04-17,1052,331,29,28,0.0,6.88000011444092,0.660000026226044,3.86999988555908
160,2022484408,2016-04-18,1078,311,3,48,0.0,6.30000019073486,0.119999997317791,3.64000010490417
161,2022484408,2016-04-19,1152,250,7,31,0.0,5.0,0.239999994635582,3.28999996185303
162,2022484408,2016-04-20,1053,276,63,48,0.0,5.40000009536743,1.92999994754791,3.33999991416931
163,2022484408,2016-04-21,1028,255,53,104,0.0,4.30999994277954,1.11000001430511,3.32999992370605
164,2022484408,2016-04-22,1105,273,10,52,0.0,4.46999979019165,0.419999986886978,4.42999982833862
165,2022484408,2016-04-23,1191,249,0,0,0.0,4.21000003814697,0.0,0.0
166,2022484408,2016-04-24,1161,216,26,37,0.0,4.57999992370605,1.14999997615814,4.55000019073486
167,2022484408,2016-04-25,1171,217,8,44,0.0,4.46000003814697,0.219999998807907,3.32999992370605
168,2022484408,2016-04-26,1086,275,24,55,0.0,5.1100001335144,0.660000026226044,1.42999994754791
169,2022484408,2016-04-27,1119,282,20,19,0.0,5.11999988555908,0.970000028610229,1.03999996185303
170,2022484408,2016-04-28,1123,291,20,6,0.0,5.3899998664856,1.33000004291534,0.409999996423721
171,2022484408,2016-04-29,1098,281,40,21,0.0,5.5,1.21000003814697,0.479999989271164
172,2022484408,2016-04-30,1043,361,23,13,0.0,10.5699996948242,1.39999997615814,0.939999997615814
173,2022484408,2016-05-01,1142,245,28,25,0.0,4.5,0.959999978542328,1.94000005722046
174,2022484408,2016-05-02,1119,277,8,36,0.0,4.32999992370605,0.340000003576279,2.60999989509583
175,2022484408,2016-05-03,1104,250,14,72,0.0,4.28000020980835,0.46000000834465,3.99000000953674
176,2022484408,2016-05-04,1105,272,27,36,0.0,4.84999990463257,0.930000007152557,2.50999999046326
177,2022484408,2016-05-05,1112,253,20,55,0.0,4.69999980926514,0.860000014305115,2.78999996185303
178,2022484408,2016-05-06,1104,295,17,24,0.0,4.6399998664856,0.670000016689301,1.87000000476837
179,2022484408,2016-05-07,1269,149,2,20,0.0,3.01999998092651,0.0799999982118607,1.61000001430511
180,2022484408,2016-05-08,1305,135,0,0,0.0,2.30999994277954,0.0,0.0
181,2022484408,2016-05-09,1061,297,47,35,0.0,5.6399998664856,1.62999999523163,2.11999988555908
182,2022484408,2016-05-10,1084,271,28,57,0.0,5.55999994277954,1.21000003814697,2.22000002861023
183,2022484408,2016-05-11,1133,224,25,58,0.0,3.99000000953674,1.14999997615814,4.17999982833862
184,2022484408,2016-05-12,728,236,16,16,0.0,4.44000005722046,0.670000016689301,1.27999997138977
185,2026352035,2016-04-12,706,181,8,3,0.0,2.20000004768372,0.349999994039536,0.189999997615814
186,2026352035,2016-04-13,663,238,0,0,0.0,3.09999990463257,0.0,0.0
187,2026352035,2016-04-14,653,197,0,0,0.0,2.04999995231628,0.0,0.0
188,2026352035,2016-04-15,687,188,0,0,0.0,2.36999988555908,0.0,0.0
189,2026352035,2016-04-16,728,150,0,0,0.0,1.58000004291534,0.0,0.0
190,2026352035,2016-04-17,1053,60,0,0,0.0,0.519999980926514,0.0,0.0
191,2026352035,2016-04-18,1062,182,0,0,0.0,2.05999994277954,0.0,0.0
192,2026352035,2016-04-19,785,141,0,0,0.0,1.5,0.0,0.0
193,2026352035,2016-04-20,623,327,0,0,0.0,4.48000001907349,0.0,0.0
194,2026352035,2016-04-21,749,153,0,0,0.0,1.52999997138977,0.0,0.0
195,2026352035,2016-04-22,712,162,0,0,0.0,1.80999994277954,0.0,0.0
196,2026352035,2016-04-23,458,432,0,0,0.0,7.71000003814697,0.0,0.0
197,2026352035,2016-04-24,704,164,0,0,0.0,2.16000008583069,0.0,0.0
198,2026352035,2016-04-25,821,260,0,0,0.0,3.73000001907349,0.0,0.0
199,2026352035,2016-04-26,1018,288,0,0,0.0,3.6800000667572,0.0,0.0
200,2026352035,2016-04-27,586,286,0,0,0.0,3.76999998092651,0.0,0.0
201,2026352035,2016-04-28,626,331,0,0,0.0,3.95000004768372,0.0,0.0
202,2026352035,2016-04-29,492,352,0,0,0.0,4.71000003814697,0.0,0.0
203,2026352035,2016-04-30,594,233,0,0,0.0,2.9300000667572,0.0,0.0
204,2026352035,2016-05-01,716,191,0,0,0.0,2.27999997138977,0.0,0.0
205,2026352035,2016-05-02,716,355,0,0,0.0,4.34999990463257,0.0,0.0
206,2026352035,2016-05-03,981,304,0,0,0.0,3.72000002861023,0.0,0.0
207,2026352035,2016-05-04,530,345,0,0,0.0,4.07000017166138,0.0,0.0
208,2026352035,2016-05-05,479,475,0,0,0.0,7.53999996185303,0.0,0.0
209,2026352035,2016-05-06,511,383,0,0,0.0,5.07999992370605,0.0,0.0
210,2026352035,2016-05-07,665,229,0,0,0.0,2.59999990463257,0.0,0.0
211,2026352035,2016-05-08,610,258,0,0,0.0,3.45000004768372,0.0,0.0
212,2026352035,2016-05-09,543,401,0,0,0.0,6.59999990463257,0.0,0.0
213,2026352035,2016-05-10,1002,17,0,0,0.0,0.159999996423721,0.0,0.0
214,2026352035,2016-05-11,569,330,0,0,0.0,5.32000017166138,0.0,0.0
215,2026352035,2016-05-12,330,343,0,0,0.0,5.51000022888184,0.0,0.0
216,2320127002,2016-04-12,1112,306,9,13,0.0,6.01000022888184,0.310000002384186,1.16999995708466
217,2320127002,2016-04-13,1105,335,0,0,0.0,4.90000009536743,0.0,0.0
218,2320127002,2016-04-14,1249,191,0,0,0.0,2.6800000667572,0.0,0.0
219,2320127002,2016-04-15,1195,245,0,0,0.0,3.50999999046326,0.0,0.0
220,2320127002,2016-04-16,1245,195,0,0,0.0,3.40000009536743,0.0,0.0
221,2320127002,2016-04-17,1191,249,0,0,0.0,4.17999982833862,0.0,0.0
222,2320127002,2016-04-18,1173,260,7,0,0.0,4.1399998664856,0.259999990463257,0.0
223,2320127002,2016-04-19,1201,228,11,0,0.0,3.66000008583069,0.379999995231628,0.0
224,2320127002,2016-04-20,1146,283,11,0,0.0,4.34000015258789,0.490000009536743,0.0
225,2320127002,2016-04-21,1302,127,10,1,0.0,1.80999994277954,0.419999986886978,0.0599999986588955
226,2320127002,2016-04-22,1174,266,0,0,0.0,3.75999999046326,0.0,0.0
227,2320127002,2016-04-23,1129,242,0,0,0.0,3.42000007629395,0.0,0.0
228,2320127002,2016-04-24,1236,204,0,0,0.0,2.79999995231628,0.0,0.0
229,2320127002,2016-04-25,1280,152,5,3,0.0,1.99000000953674,0.200000002980232,0.230000004172325
230,2320127002,2016-04-26,1293,147,0,0,0.0,2.29999995231628,0.0,0.0
231,2320127002,2016-04-27,1358,82,0,0,0.0,1.1599999666214,0.0,0.0
232,2320127002,2016-04-28,1364,76,0,0,0.0,1.02999997138977,0.0,0.0
233,2320127002,2016-04-29,1395,45,0,0,0.0,0.620000004768372,0.0,0.0
234,2320127002,2016-04-30,1206,234,0,0,0.0,3.0699999332428,0.0,0.0
235,2320127002,2016-05-01,1400,40,0,0,0.0,0.519999980926514,0.0,0.0
236,2320127002,2016-05-02,1306,123,6,5,0.0,1.87999999523163,0.209999993443489,0.360000014305115
237,2320127002,2016-05-03,1204,206,10,20,0.0,3.16000008583069,0.370000004768372,1.49000000953674
238,2320127002,2016-05-04,1388,52,0,0,0.0,0.810000002384186,0.0,0.0
239,2320127002,2016-05-05,1206,223,11,0,0.0,3.10999989509583,0.389999985694885,0.0
240,2320127002,2016-05-06,1236,204,0,0,0.0,3.28999996185303,0.0,0.0
241,2320127002,2016-05-07,1121,319,0,0,0.0,4.96999979019165,0.0,0.0
242,2320127002,2016-05-08,1193,247,0,0,0.0,3.47000002861023,0.0,0.0
243,2320127002,2016-05-09,1295,145,0,0,0.0,2.07999992370605,0.0,0.0
244,2320127002,2016-05-10,1150,290,0,0,0.0,4.19999980926514,0.0,0.0
245,2320127002,2016-05-11,1140,300,0,0,0.0,4.32999992370605,0.0,0.0
246,2320127002,2016-05-12,830,128,0,0,0.0,1.78999996185303,0.0,0.0
247,2347167796,2016-04-12,964,320,13,28,0.0,4.19999980926514,0.620000004768372,2.0
248,2347167796,2016-04-13,676,195,32,19,0.0,3.41000008583069,1.94000005722046,1.6599999666214
249,2347167796,2016-04-14,705,206,48,1,0.0,3.94000005722046,2.74000000953674,0.0199999995529652
250,2347167796,2016-04-15,720,284,24,1,0.0,5.42999982833862,1.41999995708466,0.0700000002980232
251,2347167796,2016-04-16,968,268,72,66,0.0,5.53000020980835,4.09999990463257,5.44999980926514
252,2347167796,2016-04-17,508,249,7,1,0.0,3.25999999046326,0.280000001192093,0.0799999982118607
253,2347167796,2016-04-18,678,206,16,11,0.0,3.78999996185303,0.860000014305115,0.790000021457672
254,2347167796,2016-04-19,648,382,7,0,0.0,4.44000005722046,0.0,0.0
255,2347167796,2016-04-20,1011,269,43,11,0.0,4.78000020980835,1.80999994277954,0.680000007152557
256,2347167796,2016-04-21,761,208,26,23,0.0,3.38000011444092,1.52999997138977,1.85000002384186
257,2347167796,2016-04-22,781,206,27,9,0.0,2.92000007629395,1.67999994754791,0.560000002384186
258,2347167796,2016-04-23,591,360,35,32,0.0,7.15000009536743,1.45000004768372,2.77999997138977
259,2347167796,2016-04-24,584,360,0,0,0.0,6.26000022888184,0.0,0.0
260,2347167796,2016-04-25,653,277,11,15,0.0,4.59999990463257,0.519999980926514,1.26999998092651
261,2347167796,2016-04-26,732,227,0,0,0.0,3.95000004768372,0.0,0.0
262,2347167796,2016-04-27,623,295,9,26,0.0,5.32000017166138,0.400000005960464,1.86000001430511
263,2347167796,2016-04-28,764,229,0,0,0.0,3.59999990463257,0.0,0.0
264,2347167796,2016-04-29,2,4,0,0,0.0,0.0299999993294477,0.0,0.0
265,2873212765,2016-04-12,1061,356,21,2,0.0,4.88000011444092,0.930000007152557,0.109999999403954
266,2873212765,2016-04-13,1028,404,8,0,0.0199999995529652,4.88000011444092,0.219999998807907,0.0
267,2873212765,2016-04-14,1109,331,0,0,0.0,5.32000017166138,0.0,0.0
268,2873212765,2016-04-15,992,448,0,0,0.0099999997764825,5.69000005722046,0.0,0.0
269,2873212765,2016-04-16,1087,305,1,47,0.0099999997764825,3.50999999046326,0.0199999995529652,3.10999989509583
270,2873212765,2016-04-17,1272,160,8,0,0.0,1.3400000333786,0.349999994039536,0.0
271,2873212765,2016-04-18,1122,311,6,1,0.0,4.8899998664856,0.280000001192093,0.0700000002980232
272,2873212765,2016-04-19,1051,389,0,0,0.0,5.3600001335144,0.0,0.0
273,2873212765,2016-04-20,1035,378,5,22,0.0099999997764825,4.65999984741211,0.119999997317791,1.50999999046326
274,2873212765,2016-04-21,1057,371,10,2,0.0099999997764825,5.46999979019165,0.370000004768372,0.129999995231628
275,2873212765,2016-04-22,1028,366,0,46,0.0199999995529652,4.42000007629395,0.0,0.46000000834465
276,2873212765,2016-04-23,1077,330,5,28,0.0099999997764825,4.01999998092651,0.230000004172325,2.08999991416931
277,2873212765,2016-04-24,1203,190,1,46,0.0,1.62000000476837,0.0599999986588955,3.0
278,2873212765,2016-04-25,1081,359,0,0,0.0,4.94999980926514,0.0,0.0
279,2873212765,2016-04-26,1124,309,5,2,0.0,5.23999977111816,0.180000007152557,0.119999997317791
280,2873212765,2016-04-27,1197,197,0,46,0.0,2.35999989509583,0.0,0.0
281,2873212765,2016-04-28,1192,213,7,28,0.0,2.91000008583069,0.340000003576279,2.16000008583069
282,2873212765,2016-04-29,1191,206,23,20,0.0,2.1800000667572,1.4099999666214,1.36000001430511
283,2873212765,2016-04-30,1167,248,20,5,0.0099999997764825,4.26000022888184,1.08000004291534,0.330000013113022
284,2873212765,2016-05-01,1219,196,18,7,0.0,3.44000005722046,1.03999996185303,0.490000009536743
285,2873212765,2016-05-02,1099,334,7,0,0.0199999995529652,4.82999992370605,0.209999993443489,0.0
286,2873212765,2016-05-03,1070,363,6,1,0.0099999997764825,4.65999984741211,0.25,0.0599999986588955
287,2873212765,2016-05-04,1020,420,0,0,0.0,5.55999994277954,0.0,0.0
288,2873212765,2016-05-05,1093,311,23,13,0.0,4.03000020980835,0.800000011920929,0.779999971389771
289,2873212765,2016-05-06,1065,370,5,0,0.0099999997764825,4.6100001335144,0.119999997317791,0.0
290,2873212765,2016-05-07,1302,52,11,75,0.0,0.550000011920929,0.550000011920929,2.27999997138977
291,2873212765,2016-05-08,1068,326,0,46,0.0,2.64000010490417,0.0,2.90000009536743
292,2873212765,2016-05-09,1095,345,0,0,0.0,5.19000005722046,0.0,0.0
293,2873212765,2016-05-10,1067,373,0,0,0.0099999997764825,5.55000019073486,0.0,0.0
294,2873212765,2016-05-11,1121,319,0,0,0.0099999997764825,4.32000017166138,0.0,0.0
295,2873212765,2016-05-12,720,268,0,0,0.0,5.1100001335144,0.0,0.0
296,3372868164,2016-04-12,1160,280,0,0,0.0099999997764825,3.23000001907349,0.0,0.0
297,3372868164,2016-04-13,1045,371,8,16,0.0199999995529652,5.26999998092651,0.340000003576279,0.990000009536743
298,3372868164,2016-04-14,1039,370,25,6,0.0099999997764825,4.65000009536743,1.02999997138977,0.340000003576279
299,3372868164,2016-04-15,1105,335,0,0,0.0199999995529652,5.05999994277954,0.0,0.0
300,3372868164,2016-04-16,1084,356,0,0,0.0299999993294477,4.69999980926514,0.0,0.0
301,3372868164,2016-04-17,1105,322,2,11,0.0099999997764825,4.3600001335144,0.100000001490116,1.4099999666214
302,3372868164,2016-04-18,1070,343,7,20,0.0,3.34999990463257,0.200000002980232,1.08000004291534
303,3372868164,2016-04-19,1064,376,0,0,0.0199999995529652,5.23999977111816,0.0,0.0
304,3372868164,2016-04-20,1148,274,3,15,0.0199999995529652,2.38000011444092,0.0900000035762787,0.839999973773956
305,3372868164,2016-04-21,1037,376,9,18,0.0099999997764825,4.6399998664856,0.259999990463257,1.14999997615814
306,3372868164,2016-04-22,1234,206,0,0,0.0099999997764825,2.60999989509583,0.0,0.0
307,3372868164,2016-04-23,1115,303,2,20,0.0,3.57999992370605,0.0799999982118607,1.39999997615814
308,3372868164,2016-04-24,1127,292,7,14,0.0199999995529652,3.49000000953674,0.189999997615814,0.889999985694885
309,3372868164,2016-04-25,1024,416,0,0,0.0,4.09000015258789,0.0,0.0
310,3372868164,2016-04-26,1083,333,2,22,0.0099999997764825,3.86999988555908,0.0500000007450581,1.85000002384186
311,3372868164,2016-04-27,1057,346,13,24,0.0099999997764825,3.19000005722046,0.629999995231628,1.58000004291534
312,3372868164,2016-04-28,1055,385,0,0,0.0,3.75999999046326,0.0,0.0
313,3372868164,2016-04-29,1038,402,0,0,0.0099999997764825,6.21999979019165,0.0,0.0
314,3372868164,2016-04-30,1119,300,4,17,0.0099999997764825,2.42000007629395,0.0900000035762787,1.05999994277954
315,3372868164,2016-05-01,842,172,0,0,0.0,2.08999991416931,0.0,0.0
316,3977333714,2016-04-12,777,131,19,44,0.0,2.00999999046326,0.910000026226044,3.05999994277954
317,3977333714,2016-04-13,754,153,46,31,0.0,2.54999995231628,2.13000011444092,2.02999997138977
318,3977333714,2016-04-14,801,214,23,5,0.0,3.8199999332428,0.970000028610229,0.319999992847443
319,3977333714,2016-04-15,644,183,42,15,0.0,3.25999999046326,1.75,1.04999995231628
320,3977333714,2016-04-16,663,153,83,31,0.0,2.97000002861023,4.0,2.02999997138977
321,3977333714,2016-04-17,600,205,58,11,0.0,3.92000007629395,2.34999990463257,0.699999988079071
322,3977333714,2016-04-18,605,214,95,4,0.0,3.8199999332428,3.73000001907349,0.25
323,3977333714,2016-04-19,738,221,67,19,0.0,3.96000003814697,2.45000004768372,2.24000000953674
324,3977333714,2016-04-20,845,164,98,2,0.0,3.27999997138977,4.34999990463257,0.200000002980232
325,3977333714,2016-04-21,712,242,0,0,0.0,4.05999994277954,0.0,0.0
326,3977333714,2016-04-22,731,188,12,33,0.0,3.05999994277954,0.579999983310699,2.32999992370605
327,3977333714,2016-04-23,724,252,92,0,0.0,3.84999990463257,4.21999979019165,0.0
328,3977333714,2016-04-24,660,129,95,30,0.0,2.17000007629395,4.55999994277954,3.26999998092651
329,3977333714,2016-04-25,781,133,9,50,0.0,2.41000008583069,0.430000007152557,5.61999988555908
330,3977333714,2016-04-26,797,170,95,7,0.0,2.95000004768372,4.21999979019165,0.449999988079071
331,3977333714,2016-04-27,714,176,10,0,0.0,4.61999988555908,0.419999986886978,0.0
332,3977333714,2016-04-28,804,190,8,15,0.0,3.22000002861023,0.28999999165535,1.37000000476837
333,3977333714,2016-04-29,744,150,32,36,0.0,2.71000003814697,1.29999995231628,3.74000000953674
334,3977333714,2016-04-30,687,194,52,43,0.0,3.41000008583069,2.09999990463257,3.69000005722046
335,3977333714,2016-05-01,691,124,40,41,0.0,2.41000008583069,1.98000001907349,2.67000007629395
336,3977333714,2016-05-02,713,176,143,24,0.0,3.01999998092651,6.48000001907349,1.53999996185303
337,3977333714,2016-05-03,594,258,41,47,0.0,4.53000020980835,1.74000000953674,3.3199999332428
338,3977333714,2016-05-04,852,142,96,14,0.0,2.89000010490417,4.57999992370605,1.80999994277954
339,3977333714,2016-05-05,680,178,88,14,0.0,2.71000003814697,4.1100001335144,1.75999999046326
340,3977333714,2016-05-06,676,168,55,29,0.0,2.67000007629395,2.50999999046326,3.10999989509583
341,3977333714,2016-05-07,703,208,86,0,0.0,3.58999991416931,4.13000011444092,0.0
342,3977333714,2016-05-08,688,171,116,9,0.0,3.17000007629395,5.23999977111816,0.680000007152557
343,3977333714,2016-05-09,1159,151,122,8,0.0,3.54999995231628,5.59999990463257,0.769999980926514
344,3977333714,2016-05-10,676,196,115,1,0.0,3.30999994277954,5.40000009536743,0.0700000002980232
345,3977333714,2016-05-11,13,9,0,4,0.0,0.129999995231628,0.0,0.370000004768372
346,4020332650,2016-04-12,712,331,15,4,0.0,5.67999982833862,0.239999994635582,0.150000005960464
347,4020332650,2016-04-13,1440,0,0,0,0.0,0.0,0.0,0.0
348,4020332650,2016-04-14,1437,3,0,0,0.0,0.0299999993294477,0.0,0.0
349,4020332650,2016-04-15,1299,87,18,36,0.0,0.769999980926514,0.360000014305115,0.209999993443489
350,4020332650,2016-04-16,1222,55,21,65,0.0,0.589999973773956,0.370000004768372,0.449999988079071
351,4020332650,2016-04-17,1438,2,0,0,0.0,0.0099999997764825,0.0,0.0
352,4020332650,2016-04-18,1438,2,0,0,0.0,0.0399999991059303,0.0,0.0
353,4020332650,2016-04-19,1440,0,0,0,0.0,0.0,0.0,0.0
354,4020332650,2016-04-20,1440,0,0,0,0.0,0.0,0.0,0.0
355,4020332650,2016-04-21,1440,0,0,0,0.0,0.0,0.0,0.0
356,4020332650,2016-04-22,1440,0,0,0,0.0,0.0,0.0,0.0
357,4020332650,2016-04-23,1440,0,0,0,0.0,0.0,0.0,0.0
358,4020332650,2016-04-24,1440,0,0,0,0.0,0.0,0.0,0.0
359,4020332650,2016-04-25,1440,0,0,0,0.0,0.0,0.0,0.0
360,4020332650,2016-04-26,1440,0,0,0,0.0,0.0,0.0,0.0
361,4020332650,2016-04-27,1440,0,0,0,0.0,0.0,0.0,0.0
362,4020332650,2016-04-28,1440,0,0,0,0.0,0.0,0.0,0.0
363,4020332650,2016-04-29,1440,0,0,0,0.0,0.0,0.0,0.0
364,4020332650,2016-04-30,1440,0,0,0,0.0,0.0,0.0,0.0
365,4020332650,2016-05-01,1440,0,0,0,0.0,0.0,0.0,0.0
366,4020332650,2016-05-02,1350,31,11,0,0.0,0.28999999165535,0.0399999991059303,0.0
367,4020332650,2016-05-03,950,174,0,0,0.0500000007450581,3.15000009536743,0.0,0.0
368,4020332650,2016-05-04,531,346,46,13,0.0,5.57999992370605,1.03999996185303,0.670000016689301
369,4020332650,2016-05-05,916,196,42,38,0.0700000002980232,4.03999996185303,1.67999994754791,2.61999988555908
370,4020332650,2016-05-06,855,177,0,0,0.0099999997764825,3.09999990463257,0.0,0.0
371,4020332650,2016-05-07,1256,184,0,0,0.0,3.57999992370605,0.0,0.0
372,4020332650,2016-05-08,775,263,0,0,0.0,4.15000009536743,0.0,0.0
373,4020332650,2016-05-09,1225,173,5,3,0.0,2.94000005722046,0.119999997317791,0.200000002980232
374,4020332650,2016-05-10,774,206,0,0,0.0399999991059303,3.86999988555908,0.0,0.0
375,4020332650,2016-05-11,1296,134,8,2,0.0,2.32999992370605,0.170000001788139,0.109999999403954
376,4020332650,2016-05-12,721,21,0,0,0.0,0.409999996423721,0.0,0.0
377,4057192912,2016-04-12,1276,164,0,0,0.0,3.94000005722046,0.0,0.0
378,4057192912,2016-04-13,1280,160,0,0,0.0,4.36999988555908,0.0,0.0
379,4057192912,2016-04-14,1440,0,0,0,0.0,0.0,0.0,0.0
380,4057192912,2016-04-15,873,88,6,3,0.0,2.44000005722046,0.259999990463257,0.209999993443489
381,4319703577,2016-04-12,1440,0,0,0,0.0,0.0,0.0,0.0
382,4319703577,2016-04-13,1234,96,15,8,0.0,1.30999994277954,0.589999973773956,0.529999971389771
383,4319703577,2016-04-14,589,339,9,1,0.0,6.44000005722046,0.330000013113022,0.109999999403954
384,4319703577,2016-04-15,752,228,0,0,0.0,3.79999995231628,0.0,0.0
385,4319703577,2016-04-16,724,194,0,0,0.0,3.1800000667572,0.0,0.0
386,4319703577,2016-04-17,1363,3,0,0,0.0,0.0199999995529652,0.0,0.0
387,4319703577,2016-04-18,824,58,9,1,0.0,1.12000000476837,0.330000013113022,0.0700000002980232
388,4319703577,2016-04-19,604,311,0,0,0.0,5.98999977111816,0.0,0.0
389,4319703577,2016-04-20,671,306,18,0,0.0,5.30999994277954,0.680000007152557,0.0
390,4319703577,2016-04-21,1265,34,0,0,0.0,0.349999994039536,0.0,0.0
391,4319703577,2016-04-22,709,176,19,1,0.0,2.15000009536743,0.810000002384186,0.0599999986588955
392,4319703577,2016-04-23,546,233,0,0,0.0,3.30999994277954,0.0,0.0
393,4319703577,2016-04-24,692,191,5,1,0.0,2.47000002861023,0.200000002980232,0.0599999986588955
394,4319703577,2016-04-25,544,390,8,0,0.0,5.92999982833862,0.280000001192093,0.0
395,4319703577,2016-04-26,649,288,21,8,0.0,5.15000009536743,0.920000016689301,0.569999992847443
396,4319703577,2016-04-27,680,300,47,6,0.0,4.90999984741211,1.91999995708466,0.409999996423721
397,4319703577,2016-04-28,552,359,8,13,0.0,5.94000005722046,0.330000013113022,1.00999999046326
398,4319703577,2016-04-29,624,289,18,6,0.0,4.11999988555908,0.790000021457672,0.449999988079071
399,4319703577,2016-04-30,695,196,38,6,0.0,3.50999999046326,1.61000001430511,0.400000005960464
400,4319703577,2016-05-01,836,67,0,0,0.0,0.839999973773956,0.0,0.0
401,4319703577,2016-05-02,585,344,11,0,0.0,5.71000003814697,0.439999997615814,0.0
402,4319703577,2016-05-03,669,287,26,8,0.0,4.82999992370605,1.07000005245209,0.579999983310699
403,4319703577,2016-05-04,1106,313,13,8,0.0,5.84999990463257,0.579999983310699,0.589999973773956
404,4319703577,2016-05-05,957,328,34,27,0.0,5.44999980926514,1.4099999666214,2.63000011444092
405,4319703577,2016-05-06,692,314,11,6,0.0,5.46000003814697,0.469999998807907,0.409999996423721
406,4319703577,2016-05-07,586,279,28,3,0.0,4.07999992370605,1.04999995231628,0.189999997615814
407,4319703577,2016-05-08,603,153,0,0,0.0,2.46000003814697,0.0,0.0
408,4319703577,2016-05-09,490,374,14,2,0.0,6.25,0.560000002384186,0.140000000596046
409,4319703577,2016-05-10,555,329,12,3,0.0,5.69999980926514,0.46000000834465,0.209999993443489
410,4319703577,2016-05-11,574,311,18,3,0.0,5.17999982833862,0.740000009536743,0.200000002980232
411,4319703577,2016-05-12,0,2,0,0,0.0,0.0099999997764825,0.0,0.0
412,4388161847,2016-04-12,1440,0,0,0,0.0,0.0,0.0,0.0
413,4388161847,2016-04-13,1275,150,14,1,0.0,3.88000011444092,0.629999995231628,0.0599999986588955
414,4388161847,2016-04-14,945,219,35,10,0.0,5.61999988555908,1.07000005245209,0.129999995231628
415,4388161847,2016-04-15,837,299,0,0,0.0,6.73000001907349,0.0,0.0
416,4388161847,2016-04-16,609,253,9,6,0.0,4.44999980926514,0.400000005960464,0.209999993443489
417,4388161847,2016-04-17,721,201,0,0,0.0,3.57999992370605,0.0,0.0
418,4388161847,2016-04-18,1017,239,8,27,0.0,5.1399998664856,0.400000005960464,3.55999994277954
419,4388161847,2016-04-19,704,249,16,20,0.0,5.76999998092651,0.689999997615814,1.37000000476837
420,4388161847,2016-04-20,696,228,42,19,0.0,5.28999996185303,1.72000002861023,1.10000002384186
421,4388161847,2016-04-21,853,272,12,7,0.0,6.98000001907349,0.389999985694885,0.370000004768372
422,4388161847,2016-04-22,945,220,25,77,0.0,4.92000007629395,1.11000001430511,3.29999995231628
423,4388161847,2016-04-23,749,215,5,58,0.0,5.34999990463257,0.319999992847443,4.5
424,4388161847,2016-04-24,584,239,8,14,0.0,6.30000019073486,0.509999990463257,1.08000004291534
425,4388161847,2016-04-25,1054,301,31,11,0.0,7.84000015258789,1.39999997615814,0.730000019073486
426,4388161847,2016-04-26,673,224,23,14,0.0,5.26999998092651,1.05999994277954,0.939999997615814
427,4388161847,2016-04-27,684,241,48,11,0.0,5.3899998664856,2.50999999046326,0.699999988079071
428,4388161847,2016-04-28,878,234,9,19,0.0,6.03000020980835,0.430000007152557,1.28999996185303
429,4388161847,2016-04-29,1175,236,16,13,0.0,5.42000007629395,0.889999985694885,0.800000011920929
430,4388161847,2016-04-30,537,300,43,14,0.0,6.94000005722046,2.0,0.699999988079071
431,4388161847,2016-05-01,579,241,15,12,0.0,6.19999980926514,0.680000007152557,1.00999999046326
432,4388161847,2016-05-02,935,204,4,33,0.0,4.55000019073486,0.0799999982118607,3.76999998092651
433,4388161847,2016-05-03,984,306,18,18,0.0,7.88000011444092,0.779999971389771,1.12999999523163
434,4388161847,2016-05-04,632,251,21,35,0.0,5.80000019073486,0.930000007152557,2.78999996185303
435,4388161847,2016-05-05,896,199,39,12,0.0,5.09000015258789,1.66999995708466,0.629999995231628
436,4388161847,2016-05-06,1100,262,45,33,0.0,5.92999982833862,2.08999991416931,2.10999989509583
437,4388161847,2016-05-07,508,260,56,120,0.0,5.32999992370605,2.76999998092651,9.44999980926514
438,4388161847,2016-05-08,576,178,38,107,0.0,3.23000001907349,1.25999999046326,9.89000034332275
439,4388161847,2016-05-09,1020,258,19,6,0.0,6.78999996185303,0.730000019073486,0.340000003576279
440,4388161847,2016-05-10,648,267,14,13,0.0,6.46000003814697,0.649999976158142,0.810000002384186
441,4388161847,2016-05-11,858,256,18,8,0.0,6.53000020980835,0.790000021457672,0.529999971389771
442,4388161847,2016-05-12,825,108,0,0,0.0,2.58999991416931,0.0,0.0
443,4445114986,2016-04-12,787,196,0,0,0.0,2.20000004768372,0.0,0.0
444,4445114986,2016-04-13,840,194,0,0,0.0,1.99000000953674,0.0,0.0
445,4445114986,2016-04-14,717,231,0,0,0.0,2.67000007629395,0.0,0.0
446,4445114986,2016-04-15,711,350,0,0,0.0,4.82999992370605,0.0,0.0
447,4445114986,2016-04-16,716,225,0,0,0.0,2.65000009536743,0.0,0.0
448,4445114986,2016-04-17,1219,114,0,0,0.0,1.51999998092651,0.0,0.0
449,4445114986,2016-04-18,1247,162,6,25,0.0,1.95000004768372,0.28999999165535,2.0
450,4445114986,2016-04-19,895,121,0,0,0.0,1.38999998569489,0.0,0.0
451,4445114986,2016-04-20,841,137,0,0,0.0,1.38999998569489,0.0,0.0
452,4445114986,2016-04-21,756,215,0,0,0.0,2.53999996185303,0.0,0.0
453,4445114986,2016-04-22,706,317,0,0,0.0,4.57999992370605,0.0,0.0
454,4445114986,2016-04-23,1239,201,0,0,0.0,2.9300000667572,0.0,0.0
455,4445114986,2016-04-24,1196,244,0,0,0.0,3.35999989509583,0.0,0.0
456,4445114986,2016-04-25,916,179,0,0,0.0,2.26999998092651,0.0,0.0
457,4445114986,2016-04-26,839,180,1,29,0.0,1.96000003814697,0.0399999991059303,2.41000008583069
458,4445114986,2016-04-27,839,194,1,32,0.0,2.38000011444092,0.0299999993294477,2.61999988555908
459,4445114986,2016-04-28,762,236,0,0,0.0,3.00999999046326,0.0,0.0
460,4445114986,2016-04-29,1106,226,0,0,0.0,3.13000011444092,0.0,0.0
461,4445114986,2016-04-30,797,290,0,0,0.0,4.17999982833862,0.0,0.0
462,4445114986,2016-05-01,741,240,0,0,0.0,3.50999999046326,0.0,0.0
463,4445114986,2016-05-02,667,200,4,27,0.0,2.34999990463257,0.189999997615814,2.21000003814697
464,4445114986,2016-05-03,725,233,2,30,0.0,2.57999992370605,0.109999999403954,2.48000001907349
465,4445114986,2016-05-04,897,180,0,0,0.0,1.96000003814697,0.0,0.0
466,4445114986,2016-05-05,734,185,6,2,0.0,2.1800000667572,0.239999994635582,0.119999997317791
467,4445114986,2016-05-06,809,229,0,0,0.0,3.02999997138977,0.0,0.0
468,4445114986,2016-05-07,866,108,4,26,0.0,1.25,0.189999997615814,2.13000011444092
469,4445114986,2016-05-08,733,308,8,0,0.0,4.65000009536743,0.25,0.0
470,4445114986,2016-05-09,641,266,0,0,0.0,3.53999996185303,0.0,0.0
471,4445114986,2016-05-10,783,231,0,0,0.0,2.63000011444092,0.0,0.0
472,4445114986,2016-05-11,622,232,22,34,0.0,2.85999989509583,1.0,2.25
473,4445114986,2016-05-12,380,58,0,0,0.0,0.519999980926514,0.0,0.0
474,4558609924,2016-04-12,1122,318,0,0,0.0,3.39000010490417,0.0,0.0
475,4558609924,2016-04-13,1287,127,7,19,0.0,1.61000001430511,0.439999997615814,1.24000000953674
476,4558609924,2016-04-14,1161,279,0,0,0.0,4.48999977111816,0.0,0.0
477,4558609924,2016-04-15,1131,262,30,17,0.0,3.73000001907349,0.839999973773956,0.589999973773956
478,4558609924,2016-04-16,1112,308,12,8,0.0,3.5,0.75,0.550000011920929
479,4558609924,2016-04-17,1110,304,19,7,0.0,4.71000003814697,1.13999998569489,0.550000011920929
480,4558609924,2016-04-18,1080,331,15,14,0.0,4.0,0.930000007152557,0.980000019073486
481,4558609924,2016-04-19,1182,248,9,1,0.0,3.16000008583069,0.360000014305115,0.0500000007450581
482,4558609924,2016-04-20,1218,222,0,0,0.0,3.17000007629395,0.0,0.0
483,4558609924,2016-04-21,844,432,21,6,0.0,7.69999980926514,0.970000028610229,0.419999986886978
484,4558609924,2016-04-22,1122,273,25,20,0.0,3.47000002861023,1.5,1.37000000476837
485,4558609924,2016-04-23,1122,308,5,5,0.0,4.01000022888184,0.200000002980232,0.340000003576279
486,4558609924,2016-04-24,1045,395,0,0,0.0,5.65000009536743,0.0,0.0
487,4558609924,2016-04-25,993,340,10,18,0.0,4.51000022888184,0.25,0.589999973773956
488,4558609924,2016-04-26,1062,283,41,12,0.0,3.58999991416931,2.02999997138977,0.430000007152557
489,4558609924,2016-04-27,1087,312,14,27,0.0,3.46000003814697,0.889999985694885,1.96000003814697
490,4558609924,2016-04-28,985,367,11,1,0.0,5.94999980926514,0.270000010728836,0.0199999995529652
491,4558609924,2016-04-29,1096,197,29,15,0.0,2.30999994277954,1.85000002384186,1.01999998092651
492,4558609924,2016-04-30,1111,293,29,7,0.0,4.46000003814697,1.88999998569489,0.469999998807907
493,4558609924,2016-05-01,1121,190,0,0,0.0,2.26999998092651,0.0,0.0
494,4558609924,2016-05-02,1057,383,0,0,0.0,5.21999979019165,0.0,0.0
495,4558609924,2016-05-03,1172,237,10,21,0.0,2.59999990463257,0.280000001192093,0.600000023841858
496,4558609924,2016-05-04,1188,252,0,0,0.0,3.46000003814697,0.0,0.0
497,4558609924,2016-05-05,1048,370,8,14,0.0,5.51000022888184,0.5,1.00999999046326
498,4558609924,2016-05-06,1238,202,0,0,0.0,2.48000001907349,0.0,0.0
499,4558609924,2016-05-07,1116,233,16,23,0.0,2.82999992370605,1.0,1.61000001430511
500,4558609924,2016-05-08,1019,238,35,66,0.0,2.01999998092651,0.5,1.79999995231628
501,4558609924,2016-05-09,1065,339,30,6,0.0,5.51999998092651,1.62000000476837,0.430000007152557
502,4558609924,2016-05-10,1191,220,18,11,0.0,2.39000010490417,1.12000000476837,0.740000009536743
503,4558609924,2016-05-11,1081,324,31,4,0.0,3.94000005722046,1.82000005245209,0.259999990463257
504,4558609924,2016-05-12,736,247,0,0,0.0,4.17000007629395,0.0,0.0
505,4702921684,2016-04-12,718,263,0,0,0.0,5.84999990463257,0.0,0.0
506,4702921684,2016-04-13,777,258,0,0,0.0,5.57999992370605,0.0,0.0
507,4702921684,2016-04-14,772,271,0,0,0.0,6.36999988555908,0.0,0.0
508,4702921684,2016-04-15,944,256,8,1,0.0,4.78999996185303,0.419999986886978,0.0700000002980232
509,4702921684,2016-04-16,556,335,24,3,0.0,7.53999996185303,1.25,0.239999994635582
510,4702921684,2016-04-17,437,302,66,12,0.0,5.88000011444092,3.46000003814697,0.959999978542328
511,4702921684,2016-04-18,890,191,30,22,0.0,4.07000017166138,1.49000000953674,1.82000005245209
512,4702921684,2016-04-19,757,179,8,10,0.0,4.19000005722046,0.370000004768372,0.879999995231628
513,4702921684,2016-04-20,717,260,29,2,0.0,5.73000001907349,1.23000001907349,0.159999996423721
514,4702921684,2016-04-21,901,144,41,4,0.0,2.94000005722046,2.04999995231628,0.310000002384186
515,4702921684,2016-04-22,1341,72,0,0,0.0,1.35000002384186,0.0,0.0
516,4702921684,2016-04-23,469,408,66,9,0.0,8.27000045776367,3.24000000953674,0.759999990463257
517,4702921684,2016-04-24,542,281,95,15,0.0,5.88000011444092,5.11999988555908,1.20000004768372
518,4702921684,2016-04-25,730,270,15,6,0.0,6.1100001335144,0.819999992847443,0.490000009536743
519,4702921684,2016-04-26,765,216,8,1,0.0,4.53999996185303,0.349999994039536,0.0700000002980232
520,4702921684,2016-04-27,733,238,16,1,0.0,4.78000020980835,0.800000011920929,0.0900000035762787
521,4702921684,2016-04-28,738,232,9,14,0.0,5.76999998092651,0.419999986886978,1.12999999523163
522,4702921684,2016-04-29,692,267,19,12,0.0,6.07000017166138,0.920000016689301,1.05999994277954
523,4702921684,2016-04-30,728,263,36,4,0.0,5.88000011444092,2.02999997138977,0.319999992847443
524,4702921684,2016-05-01,1440,0,0,0,0.0,0.0,0.0,0.0
525,4702921684,2016-05-02,1131,195,40,5,0.0,3.75999999046326,1.74000000953674,0.379999995231628
526,4702921684,2016-05-03,729,313,0,0,0.0,7.67000007629395,0.0,0.0
527,4702921684,2016-05-04,757,251,15,4,0.0,5.53999996185303,0.730000019073486,0.340000003576279
528,4702921684,2016-05-05,745,241,5,8,0.0,6.09000015258789,0.219999998807907,0.670000016689301
529,4702921684,2016-05-06,682,207,16,1,0.0,4.86999988555908,0.660000026226044,0.0799999982118607
530,4702921684,2016-05-07,577,439,46,5,0.0,8.97000026702881,2.30999994277954,0.370000004768372
531,4702921684,2016-05-08,1019,192,125,9,0.0,3.53999996185303,6.21000003814697,0.680000007152557
532,4702921684,2016-05-09,746,253,12,0,0.0,6.09999990463257,0.569999992847443,0.0
533,4702921684,2016-05-10,701,262,37,1,0.0,6.65000009536743,1.87999999523163,0.0799999982118607
534,4702921684,2016-05-11,784,235,41,10,0.0,4.98000001907349,2.16000008583069,0.779999971389771
535,4702921684,2016-05-12,241,68,0,0,0.0,2.23000001907349,0.0,0.0
536,5553957443,2016-04-12,767,277,13,19,0.0,5.40999984741211,0.790000021457672,1.37000000476837
537,5553957443,2016-04-13,647,226,0,0,0.0,3.16000008583069,0.0,0.0
538,5553957443,2016-04-14,693,256,41,61,0.0,4.67000007629395,2.45000004768372,4.0
539,5553957443,2016-04-15,689,239,38,58,0.0,4.71000003814697,1.98000001907349,4.15999984741211
540,5553957443,2016-04-16,521,288,0,0,0.0,3.76999998092651,0.0,0.0
541,5553957443,2016-04-17,943,46,0,0,0.0,0.430000007152557,0.0,0.0
542,5553957443,2016-04-18,622,206,0,0,0.0,2.4300000667572,0.0,0.0
543,5553957443,2016-04-19,756,249,28,69,0.0,4.17999982833862,1.6599999666214,4.28000020980835
544,5553957443,2016-04-20,598,148,0,0,0.0,1.76999998092651,0.0,0.0
545,5553957443,2016-04-21,801,177,42,47,0.0,2.96000003814697,2.16000008583069,2.95000004768372
546,5553957443,2016-04-22,781,270,16,25,0.0,5.59999990463257,0.629999995231628,1.37999999523163
547,5553957443,2016-04-23,443,272,0,0,0.0,2.6800000667572,0.0,0.0
548,5553957443,2016-04-24,582,104,0,0,0.0,1.17999994754791,0.0,0.0
549,5553957443,2016-04-25,732,201,11,51,0.0,3.69000005722046,0.569999992847443,2.9300000667572
550,5553957443,2016-04-26,750,238,18,40,0.0,4.46000003814697,0.930000007152557,2.36999988555908
551,5553957443,2016-04-27,745,206,16,16,0.0,4.73999977111816,1.0,1.13999998569489
552,5553957443,2016-04-28,727,165,13,49,0.0,3.17000007629395,0.75,3.71000003814697
553,5553957443,2016-04-29,709,270,15,46,0.0,4.90999984741211,0.639999985694885,2.78999996185303
554,5553957443,2016-04-30,506,84,0,0,0.0,0.779999971389771,0.0,0.0
555,5553957443,2016-05-01,436,237,0,0,0.0,3.36999988555908,0.0,0.0
556,5553957443,2016-05-02,724,227,9,23,0.0,4.90000009536743,0.409999996423721,1.05999994277954
557,5553957443,2016-05-03,812,247,29,26,0.0,5.67999982833862,1.20000004768372,1.5
558,5553957443,2016-05-04,651,224,0,0,0.0,2.76999998092651,0.0,0.0
559,5553957443,2016-05-05,692,241,29,44,0.0,4.42999982833862,1.6599999666214,3.4300000667572
560,5553957443,2016-05-06,761,229,9,21,0.0,4.23000001907349,0.540000021457672,1.51999998092651
561,5553957443,2016-05-07,902,96,0,0,0.0,1.22000002861023,0.0,0.0
562,5553957443,2016-05-08,505,210,8,3,0.0,3.29999995231628,0.469999998807907,0.219999998807907
563,5553957443,2016-05-09,667,251,22,59,0.0,4.55999994277954,0.889999985694885,2.13000011444092
564,5553957443,2016-05-10,707,265,40,61,0.0,5.19999980926514,1.61000001430511,3.86999988555908
565,5553957443,2016-05-11,628,195,0,0,0.0,3.22000002861023,0.0,0.0
566,5553957443,2016-05-12,222,48,6,8,0.0,1.05999994277954,0.400000005960464,0.579999983310699
567,5577150313,2016-04-12,728,140,16,86,0.0,2.09999990463257,0.379999995231628,3.59999990463257
568,5577150313,2016-04-13,776,144,11,15,0.0,3.25,0.219999998807907,0.319999992847443
569,5577150313,2016-04-14,662,176,30,118,0.0,2.77999997138977,0.310000002384186,3.32999992370605
570,5577150313,2016-04-15,695,199,54,115,0.0,3.55999994277954,1.60000002384186,3.92000007629395
571,5577150313,2016-04-16,472,158,56,184,0.0,2.73000001907349,1.27999997138977,6.6399998664856
572,5577150313,2016-04-17,525,159,37,200,0.0,2.3199999332428,0.829999983310699,5.98000001907349
573,5577150313,2016-04-18,623,130,32,114,0.0,1.82000005245209,0.720000028610229,4.8600001335144
574,5577150313,2016-04-19,733,111,23,108,0.0,1.75999999046326,0.639999985694885,7.01999998092651
575,5577150313,2016-04-20,773,113,16,87,0.0,1.75999999046326,0.340000003576279,4.11999988555908
576,5577150313,2016-04-21,670,175,74,110,0.0,2.77999997138977,1.6599999666214,3.65000009536743
577,5577150313,2016-04-22,823,200,30,62,0.0,3.29999995231628,0.790000021457672,2.42000007629395
578,5577150313,2016-04-23,627,223,24,24,0.0,4.1399998664856,0.360000014305115,1.21000003814697
579,5577150313,2016-04-24,425,141,65,210,0.0,1.98000001907349,2.15000009536743,7.65000009536743
580,5577150313,2016-04-25,743,214,38,61,0.0,2.75999999046326,0.670000016689301,1.35000002384186
581,5577150313,2016-04-26,759,181,32,38,0.0,2.47000002861023,0.649999976158142,0.850000023841858
582,5577150313,2016-04-27,773,190,16,63,0.0,2.9300000667572,0.400000005960464,1.80999994277954
583,5577150313,2016-04-28,692,141,51,99,0.0,3.00999999046326,1.16999995708466,3.25
584,5577150313,2016-04-29,739,165,36,97,0.0,2.47000002861023,0.610000014305115,2.83999991416931
585,5577150313,2016-04-30,621,163,45,207,0.0,2.60999989509583,0.790000021457672,5.82999992370605
586,5577150313,2016-05-01,499,178,72,194,0.0,3.24000000953674,1.44000005722046,5.30999994277954
587,5577150313,2016-05-02,732,235,20,37,0.0,4.07000017166138,0.349999994039536,1.12000000476837
588,5577150313,2016-05-03,580,212,8,97,0.0,3.5699999332428,0.150000005960464,4.51999998092651
589,5577150313,2016-05-04,631,141,9,25,0.0,2.07999992370605,0.25,1.55999994277954
590,5577150313,2016-05-05,1153,143,21,45,0.0,2.67000007629395,0.469999998807907,2.5
591,5577150313,2016-05-06,1304,79,16,41,0.0,1.45000004768372,0.319999992847443,1.92999994754791
592,5577150313,2016-05-07,1440,0,0,0,0.0,0.0,0.0,0.0
593,5577150313,2016-05-08,1440,0,0,0,0.0,0.0,0.0,0.0
594,5577150313,2016-05-09,1099,70,11,34,0.0,0.990000009536743,0.140000000596046,1.42999994754791
595,5577150313,2016-05-10,639,194,37,104,0.0,3.34999990463257,0.75,2.55999994277954
596,5577150313,2016-05-11,257,63,15,45,0.0,0.889999985694885,0.300000011920929,1.83000004291534
597,6117666160,2016-04-12,1440,0,0,0,0.0,0.0,0.0,0.0
598,6117666160,2016-04-13,1440,0,0,0,0.0,0.0,0.0,0.0
599,6117666160,2016-04-14,1440,0,0,0,0.0,0.0,0.0,0.0
600,6117666160,2016-04-15,921,513,6,0,0.0,10.3000001907349,0.280000001192093,0.0
601,6117666160,2016-04-16,502,518,15,7,0.0,9.47999954223633,0.850000023841858,0.579999983310699
602,6117666160,2016-04-17,702,312,0,0,0.0,5.40000009536743,0.0,0.0
603,6117666160,2016-04-18,759,241,0,0,0.0,3.89000010490417,0.0,0.0
604,6117666160,2016-04-19,425,480,0,0,0.0,8.40999984741211,0.0,0.0
605,6117666160,2016-04-20,587,349,10,26,0.0,5.51999998092651,0.479999989271164,2.02999997138977
606,6117666160,2016-04-21,579,294,19,11,0.0,5.61999988555908,0.400000005960464,0.980000019073486
607,6117666160,2016-04-22,413,402,0,0,0.0,6.19999980926514,0.0,0.0
608,6117666160,2016-04-23,468,512,0,0,0.0,8.68000030517578,0.0,0.0
609,6117666160,2016-04-24,711,362,0,0,0.0,5.76000022888184,0.0,0.0
610,6117666160,2016-04-25,1440,0,0,0,0.0,0.0,0.0,0.0
611,6117666160,2016-04-26,1077,352,7,0,0.0,6.86999988555908,0.340000003576279,0.0
612,6117666160,2016-04-27,417,458,0,0,0.0,7.1100001335144,0.0,0.0
613,6117666160,2016-04-28,758,141,0,0,0.0,2.59999990463257,0.0,0.0
614,6117666160,2016-04-29,479,461,0,0,0.0,7.23999977111816,0.0,0.0
615,6117666160,2016-04-30,1040,343,0,0,0.0,5.28000020980835,0.0,0.0
616,6117666160,2016-05-01,525,397,0,0,0.0,6.73000001907349,0.0,0.0
617,6117666160,2016-05-02,1204,236,0,0,0.0,3.73000001907349,0.0,0.0
618,6117666160,2016-05-03,1440,0,0,0,0.0,0.0,0.0,0.0
619,6117666160,2016-05-04,1279,156,0,0,0.0,2.25999999046326,0.0,0.0
620,6117666160,2016-05-05,479,487,0,0,0.0,7.40000009536743,0.0,0.0
621,6117666160,2016-05-06,673,133,0,0,0.0,2.6800000667572,0.0,0.0
622,6117666160,2016-05-07,456,412,0,0,0.0,5.53999996185303,0.0,0.0
623,6117666160,2016-05-08,517,318,0,0,0.0,5.53000020980835,0.0,0.0
624,6117666160,2016-05-09,125,197,0,0,0.0,3.38000011444092,0.0,0.0
625,6290855005,2016-04-12,1241,199,0,0,0.0,3.45000004768372,0.0,0.0
626,6290855005,2016-04-13,1090,350,0,0,0.0099999997764825,5.3899998664856,0.0,0.0
627,6290855005,2016-04-14,1077,363,0,0,0.0299999993294477,5.76999998092651,0.0,0.0
628,6290855005,2016-04-15,1112,328,0,0,0.0099999997764825,7.17000007629395,0.0,0.0
629,6290855005,2016-04-16,1182,258,0,0,0.0099999997764825,6.26999998092651,0.0,0.0
630,6290855005,2016-04-17,1172,225,12,31,0.0,4.0,0.790000021457672,1.13999998569489
631,6290855005,2016-04-18,1169,271,0,0,0.0199999995529652,5.19000005722046,0.0,0.0
632,6290855005,2016-04-19,1119,321,0,0,0.0099999997764825,5.3899998664856,0.0,0.0
633,6290855005,2016-04-20,1182,258,0,0,0.0099999997764825,4.80000019073486,0.0,0.0
634,6290855005,2016-04-21,1440,0,0,0,0.0,0.0,0.0,0.0
635,6290855005,2016-04-22,1138,302,0,0,0.0,4.71999979019165,0.0,0.0
636,6290855005,2016-04-23,1407,0,0,33,0.0,0.0,0.0,0.0
637,6290855005,2016-04-24,1182,258,0,0,0.0,4.46000003814697,0.0,0.0
638,6290855005,2016-04-25,1180,249,3,8,0.0099999997764825,5.03000020980835,0.180000007152557,0.680000007152557
639,6290855005,2016-04-26,1440,0,0,0,0.0,0.0,0.0,0.0
640,6290855005,2016-04-27,1153,287,0,0,0.0299999993294477,4.17999982833862,0.0,0.0
641,6290855005,2016-04-28,1185,255,0,0,0.0,4.32999992370605,0.0,0.0
642,6290855005,2016-04-29,1440,0,0,0,0.0,0.0,0.0,0.0
643,6290855005,2016-04-30,1116,324,0,0,0.0099999997764825,5.09000015258789,0.0,0.0
644,6290855005,2016-05-01,1055,282,95,8,0.0199999995529652,4.0,2.75,0.660000026226044
645,6290855005,2016-05-02,1172,268,0,0,0.0199999995529652,5.1100001335144,0.0,0.0
646,6290855005,2016-05-03,1200,240,0,0,0.0,4.57000017166138,0.0,0.0
647,6290855005,2016-05-04,1168,272,0,0,0.0099999997764825,4.40000009536743,0.0,0.0
648,6290855005,2016-05-05,1201,239,0,0,0.0,4.78999996185303,0.0,0.0
649,6290855005,2016-05-06,1135,305,0,0,0.0299999993294477,4.59000015258789,0.0,0.0
650,6290855005,2016-05-07,1213,227,0,0,0.0,4.15999984741211,0.0,0.0
651,6290855005,2016-05-08,1189,251,0,0,0.0,5.82000017166138,0.0,0.0
652,6290855005,2016-05-09,800,264,0,0,0.0199999995529652,4.73000001907349,0.0,0.0
653,6290855005,2016-05-10,1440,0,0,0,0.0,0.0,0.0,0.0
654,6775888955,2016-04-12,1440,0,0,0,0.0,0.0,0.0,0.0
655,6775888955,2016-04-13,1053,85,18,17,0.0,1.22000002861023,0.579999983310699,1.11000001430511
656,6775888955,2016-04-14,863,105,24,14,0.0,1.97000002861023,0.860000014305115,0.870000004768372
657,6775888955,2016-04-15,976,58,0,0,0.0,0.920000016689301,0.0,0.0
658,6775888955,2016-04-16,1377,9,18,36,0.0,0.0599999986588955,0.810000002384186,2.51999998092651
659,6775888955,2016-04-17,1392,19,24,5,0.0,0.310000002384186,1.12999999523163,0.349999994039536
660,6775888955,2016-04-18,1233,146,31,30,0.0,3.17000007629395,0.769999980926514,2.0
661,6775888955,2016-04-19,1440,0,0,0,0.0,0.0,0.0,0.0
662,6775888955,2016-04-20,1079,178,113,70,0.0,2.22000002861023,1.74000000953674,3.76999998092651
663,6775888955,2016-04-21,1440,0,0,0,0.0,0.0,0.0,0.0
664,6775888955,2016-04-22,1420,20,0,0,0.0,0.46000000834465,0.0,0.0
665,6775888955,2016-04-23,1440,0,0,0,0.0,0.0,0.0,0.0
666,6775888955,2016-04-24,1400,11,18,11,0.0,0.150000005960464,0.620000004768372,0.769999980926514
667,6775888955,2016-04-25,1302,92,13,33,0.0,1.89999997615814,0.46000000834465,2.26999998092651
668,6775888955,2016-04-26,1321,47,30,42,0.0,0.730000019073486,0.870000004768372,3.48000001907349
669,6775888955,2016-04-27,1440,0,0,0,0.0,0.0,0.0,0.0
670,6775888955,2016-04-28,1410,15,13,2,0.0,0.239999994635582,0.200000002980232,0.0599999986588955
671,6775888955,2016-04-29,1440,0,0,0,0.0,0.0,0.0,0.0
672,6775888955,2016-04-30,1344,84,9,3,0.0,1.48000001907349,0.159999996423721,0.159999996423721
673,6775888955,2016-05-01,1347,50,34,9,0.0,0.680000007152557,0.620000004768372,0.479999989271164
674,6775888955,2016-05-02,1440,0,0,0,0.0,0.0,0.0,0.0
675,6775888955,2016-05-03,1439,1,0,0,0.0,0.0099999997764825,0.0,0.0
676,6775888955,2016-05-04,1440,0,0,0,0.0,0.0,0.0,0.0
677,6775888955,2016-05-05,1440,0,0,0,0.0,0.0,0.0,0.0
678,6775888955,2016-05-06,1318,75,35,12,0.0,1.92999994754791,0.930000007152557,0.469999998807907
679,6775888955,2016-05-07,551,49,5,2,0.0,1.04999995231628,0.239999994635582,0.129999995231628
680,6962181067,2016-04-12,796,189,14,50,0.0,2.50999999046326,0.829999983310699,3.40000009536743
681,6962181067,2016-04-13,548,142,24,8,0.0,1.96000003814697,1.21000003814697,0.569999992847443
682,6962181067,2016-04-14,862,86,0,0,0.0,1.02999997138977,0.0,0.0
683,6962181067,2016-04-15,837,217,0,0,0.0,3.6800000667572,0.0,0.0
684,6962181067,2016-04-16,741,280,3,50,0.0,4.88000011444092,0.189999997615814,3.66000008583069
685,6962181067,2016-04-17,634,295,13,5,0.0,5.69000005722046,0.680000007152557,0.330000013113022
686,6962181067,2016-04-18,689,238,42,13,0.0,4.32000017166138,2.39000010490417,0.829999983310699
687,6962181067,2016-04-19,659,195,41,35,0.0,2.86999988555908,2.13000011444092,2.09999990463257
688,6962181067,2016-04-20,639,297,4,48,0.0,5.09000015258789,0.189999997615814,4.28000020980835
689,6962181067,2016-04-21,708,214,27,53,0.109999999403954,3.50999999046326,2.09999990463257,3.99000000953674
690,6962181067,2016-04-22,659,240,33,30,0.0,3.76999998092651,1.54999995231628,1.76999998092651
691,6962181067,2016-04-23,484,347,41,58,0.0,7.03999996185303,2.0,4.19999980926514
692,6962181067,2016-04-24,720,199,0,0,0.0,3.3199999332428,0.0,0.0
693,6962181067,2016-04-25,637,282,31,35,0.100000001490116,4.46000003814697,1.67999994754791,3.01999998092651
694,6962181067,2016-04-26,680,254,7,36,0.0,3.90000009536743,0.419999986886978,2.57999992370605
695,6962181067,2016-04-27,697,279,38,7,0.0,4.25,2.01999998092651,0.550000011920929
696,6962181067,2016-04-28,621,288,8,38,0.0,5.59000015258789,0.239999994635582,2.50999999046326
697,6962181067,2016-04-29,645,369,15,12,0.0,5.80999994277954,0.479999989271164,0.819999992847443
698,6962181067,2016-04-30,731,237,16,32,0.0,3.67000007629395,0.759999990463257,2.24000000953674
699,6962181067,2016-05-01,722,215,0,0,0.0,3.60999989509583,0.0,0.0
700,6962181067,2016-05-02,655,313,39,18,0.0,5.34000015258789,2.0,1.20000004768372
701,6962181067,2016-05-03,654,267,36,21,0.0,4.32999992370605,2.03999996185303,1.74000000953674
702,6962181067,2016-05-04,683,284,36,15,0.0,4.55000019073486,1.67999994754791,0.469999998807907
703,6962181067,2016-05-05,591,305,22,14,0.0,4.80999994277954,1.1599999666214,0.990000009536743
704,6962181067,2016-05-06,717,299,0,0,0.0,3.91000008583069,0.0,0.0
705,6962181067,2016-05-07,745,328,0,0,0.0,4.5,0.0,0.0
706,6962181067,2016-05-08,709,151,14,0,0.0,2.25,0.519999980926514,0.0
707,6962181067,2016-05-09,607,231,21,43,0.0,3.65000009536743,1.17999994754791,3.90000009536743
708,6962181067,2016-05-10,626,275,34,62,0.0,4.98999977111816,1.75,3.47000002861023
709,6962181067,2016-05-11,709,199,7,24,0.0,2.65000009536743,0.310000002384186,1.49000000953674
710,6962181067,2016-05-12,127,105,8,0,0.0,2.10999989509583,0.25,0.0
711,7007744171,2016-04-12,1024,355,8,53,0.0,5.40999984741211,0.379999995231628,4.5
712,7007744171,2016-04-13,1101,261,22,56,0.0,4.48000001907349,0.560000002384186,4.6100001335144
713,7007744171,2016-04-14,1096,304,6,34,0.0,4.96000003814697,0.340000003576279,2.95000004768372
714,7007744171,2016-04-15,1238,202,0,0,0.0,3.52999997138977,0.0,0.0
715,7007744171,2016-04-16,1155,203,0,0,0.0,3.09999990463257,0.0,0.0
716,7007744171,2016-04-17,1135,305,0,0,0.0,5.3899998664856,0.0,0.0
717,7007744171,2016-04-18,1077,284,31,48,0.0199999995529652,5.05000019073486,2.11999988555908,3.78999996185303
718,7007744171,2016-04-19,1066,304,17,53,0.0,5.30999994277954,0.759999990463257,4.40999984741211
719,7007744171,2016-04-20,1000,347,33,60,0.0,5.8600001335144,0.670000016689301,4.78999996185303
720,7007744171,2016-04-21,1049,327,34,30,0.0,5.17000007629395,1.87000000476837,2.15000009536743
721,7007744171,2016-04-22,1065,261,50,64,0.0,4.36999988555908,1.75999999046326,4.09999990463257
722,7007744171,2016-04-23,1190,223,25,2,0.0,4.15000009536743,1.12999999523163,0.129999995231628
723,7007744171,2016-04-24,1021,419,0,0,0.0,7.42000007629395,0.0,0.0
724,7007744171,2016-04-25,986,379,24,51,0.0,7.67000007629395,1.37000000476837,4.30999994277954
725,7007744171,2016-04-26,978,424,22,16,0.0,8.22999954223633,0.939999997615814,0.930000007152557
726,7007744171,2016-04-27,1041,337,12,50,0.0,5.28999996185303,0.660000026226044,4.26999998092651
727,7007744171,2016-04-28,1007,401,16,16,0.0,8.26000022888184,0.769999980926514,1.0900000333786
728,7007744171,2016-04-29,961,382,42,55,0.0,7.94999980926514,2.04999995231628,4.30999994277954
729,7007744171,2016-04-30,1240,200,0,0,0.0,2.51999998092651,0.0,0.0
730,7007744171,2016-05-01,1142,237,0,0,0.0,3.75,0.0,0.0
731,7007744171,2016-05-02,1112,250,14,64,0.0,3.82999992370605,0.699999988079071,4.6399998664856
732,7007744171,2016-05-03,1021,330,31,58,0.0,5.3600001335144,1.01999998092651,4.48000001907349
733,7007744171,2016-05-04,1440,0,0,0,0.0,0.0,0.0,0.0
734,7007744171,2016-05-05,1047,317,23,53,0.0,5.48000001907349,1.28999996185303,4.32999992370605
735,7007744171,2016-05-06,1136,247,13,44,0.0,3.85999989509583,0.810000002384186,3.0
736,7007744171,2016-05-07,111,0,0,0,0.0,0.0,0.0,0.0
737,7086361926,2016-04-12,745,153,6,59,0.0,2.97000002861023,0.150000005960464,5.26999998092651
738,7086361926,2016-04-13,744,155,26,31,0.0,2.83999991416931,0.209999993443489,0.560000002384186
739,7086361926,2016-04-14,787,189,32,35,0.0,3.66000008583069,0.330000013113022,2.02999997138977
740,7086361926,2016-04-15,864,139,21,30,0.0,2.52999997138977,1.11000001430511,2.03999996185303
741,7086361926,2016-04-16,1437,3,0,0,0.0,0.0099999997764825,0.0,0.0
742,7086361926,2016-04-17,1440,0,0,0,0.0,0.0,0.0,0.0
743,7086361926,2016-04-18,1136,114,51,61,0.0,2.30999994277954,1.22000002861023,3.17000007629395
744,7086361926,2016-04-19,671,124,69,67,0.0,2.50999999046326,1.23000001907349,3.52999997138977
745,7086361926,2016-04-20,797,145,13,87,0.0,2.53999996185303,0.449999988079071,7.6399998664856
746,7086361926,2016-04-21,758,206,6,19,0.0,4.51000022888184,0.300000011920929,1.36000001430511
747,7086361926,2016-04-22,762,153,59,58,0.0,2.67000007629395,0.970000028610229,2.86999988555908
748,7086361926,2016-04-23,1350,90,0,0,0.0,1.79999995231628,0.0,0.0
749,7086361926,2016-04-24,566,125,0,0,0.0,2.15000009536743,0.0,0.0
750,7086361926,2016-04-25,706,129,39,69,0.0,2.36999988555908,0.699999988079071,3.75
751,7086361926,2016-04-26,726,132,33,70,0.0,2.11999988555908,0.769999980926514,4.15999984741211
752,7086361926,2016-04-27,829,145,6,55,0.0,2.52999997138977,0.180000007152557,5.63000011444092
753,7086361926,2016-04-28,810,161,48,54,0.0,3.35999989509583,1.63999998569489,2.78999996185303
754,7086361926,2016-04-29,1198,182,36,24,0.0,4.0,0.449999988079071,0.490000009536743
755,7086361926,2016-04-30,584,308,17,42,0.0,5.23999977111816,1.03999996185303,3.11999988555908
756,7086361926,2016-05-01,685,258,15,30,0.0,4.84999990463257,0.899999976158142,2.29999995231628
757,7086361926,2016-05-02,737,139,26,66,0.0,2.66000008583069,0.660000026226044,3.48000001907349
758,7086361926,2016-05-03,761,152,36,57,0.0,3.16000008583069,0.850000023841858,2.74000000953674
759,7086361926,2016-05-04,843,135,12,45,0.0,2.90000009536743,0.119999997317791,5.28000020980835
760,7086361926,2016-05-05,1253,149,14,24,0.0,2.95000004768372,0.829999983310699,1.77999997138977
761,7086361926,2016-05-06,834,154,35,84,0.0,3.11999988555908,1.42999994754791,3.8199999332428
762,7086361926,2016-05-07,621,209,42,20,0.0,4.67999982833862,2.32999992370605,1.46000003814697
763,7086361926,2016-05-08,695,147,27,32,0.0,3.25,1.52999997138977,2.30999994277954
764,7086361926,2016-05-09,743,171,50,67,0.0,3.11999988555908,1.71000003814697,4.26000022888184
765,7086361926,2016-05-10,1182,106,23,72,0.0,2.45000004768372,1.20000004768372,7.1100001335144
766,7086361926,2016-05-11,757,128,40,57,0.0,2.23000001907349,1.38999998569489,2.89000010490417
767,7086361926,2016-05-12,343,58,4,5,0.0,1.88999998569489,0.270000010728836,0.379999995231628
768,8053475328,2016-04-12,1193,123,8,116,0.0,2.09999990463257,0.389999985694885,11.6400003433228
769,8053475328,2016-04-13,1177,156,12,95,0.0,2.45000004768372,0.469999998807907,10.4300003051758
770,8053475328,2016-04-14,1123,193,5,119,0.0,3.35999989509583,0.209999993443489,12.3400001525879
771,8053475328,2016-04-15,1142,158,8,132,0.0,2.58999991416931,0.389999985694885,13.2600002288818
772,8053475328,2016-04-16,1255,83,6,96,0.0,1.49000000953674,0.270000010728836,9.35999965667725
773,8053475328,2016-04-17,1113,195,21,111,0.0,3.64000010490417,0.800000011920929,9.23999977111816
774,8053475328,2016-04-18,1137,195,6,102,0.0,3.34999990463257,0.230000004172325,9.07999992370605
775,8053475328,2016-04-19,1152,191,7,90,0.0,2.95000004768372,0.310000002384186,9.22000026702881
776,8053475328,2016-04-20,695,158,5,89,0.0,2.38000011444092,0.230000004172325,9.57999992370605
777,8053475328,2016-04-21,1164,170,6,100,0.0,2.57999992370605,0.25,9.67000007629395
778,8053475328,2016-04-22,1260,117,3,60,0.0,1.87999999523163,0.150000005960464,6.26000022888184
779,8053475328,2016-04-23,741,223,14,125,0.0,4.01999998092651,0.629999995231628,12.539999961853
780,8053475328,2016-04-24,1096,182,33,129,0.0,3.25999999046326,1.54999995231628,13.1300001144409
781,8053475328,2016-04-25,1104,209,9,118,0.0,3.85999989509583,0.46000000834465,11.3699998855591
782,8053475328,2016-04-26,1182,185,5,68,0.0,3.09999990463257,0.200000002980232,6.30999994277954
783,8053475328,2016-04-27,1187,183,10,60,0.0,2.9300000667572,0.430000007152557,6.46000003814697
784,8053475328,2016-04-28,1188,153,9,90,0.0,2.34999990463257,0.389999985694885,9.67000007629395
785,8053475328,2016-04-29,1215,159,8,58,0.0,3.17000007629395,0.310000002384186,6.17000007629395
786,8053475328,2016-04-30,1281,131,1,27,0.0,2.53999996185303,0.0599999986588955,2.99000000953674
787,8053475328,2016-05-01,1389,51,0,0,0.0,0.850000023841858,0.0,0.0
788,8053475328,2016-05-02,1345,95,0,0,0.0,1.42999994754791,0.0,0.0
789,8053475328,2016-05-03,1166,165,22,87,0.0,2.58999991416931,0.930000007152557,8.39000034332275
790,8053475328,2016-05-04,1220,123,8,89,0.0,1.9099999666214,0.400000005960464,8.81999969482422
791,8053475328,2016-05-05,1208,130,9,93,0.0,2.21000003814697,0.449999988079071,8.85000038146973
792,8053475328,2016-05-06,1245,90,15,90,0.0,1.21000003814697,0.689999997615814,9.10000038146973
793,8053475328,2016-05-07,1076,148,20,121,0.0,2.34999990463257,0.879999995231628,12.4399995803833
794,8053475328,2016-05-08,1073,228,14,125,0.0,3.66000008583069,0.589999973773956,13.3999996185303
795,8053475328,2016-05-09,1214,148,12,66,0.0,2.69000005722046,0.569999992847443,6.11999988555908
796,8053475328,2016-05-10,1219,115,10,96,0.0,1.85000002384186,0.419999986886978,9.09000015258789
797,8053475328,2016-05-11,1189,184,7,60,0.0,3.03999996185303,0.280000001192093,6.07999992370605
798,8053475328,2016-05-12,839,39,4,28,0.0,0.759999990463257,0.200000002980232,2.95000004768372
799,8253242879,2016-04-12,1244,154,2,40,0.0,1.5900000333786,0.140000000596046,5.42999982833862
800,8253242879,2016-04-13,1298,96,11,35,0.0,1.30999994277954,0.629999995231628,4.17000007629395
801,8253242879,2016-04-14,1362,33,16,29,0.0,0.540000021457672,0.990000009536743,1.92999994754791
802,8253242879,2016-04-15,1335,105,0,0,0.0,1.75999999046326,0.0,0.0
803,8253242879,2016-04-16,1268,115,51,6,0.0,2.45000004768372,3.26999998092651,0.430000007152557
804,8253242879,2016-04-17,1237,157,5,41,0.0,2.32999992370605,0.150000005960464,5.42999982833862
805,8253242879,2016-04-18,1278,130,16,16,0.0,1.79999995231628,0.629999995231628,1.03999996185303
806,8253242879,2016-04-19,1276,164,0,0,0.0,2.77999997138977,0.0,0.0
807,8253242879,2016-04-20,1201,216,18,5,0.0099999997764825,3.10999989509583,0.819999992847443,0.330000013113022
808,8253242879,2016-04-21,1199,172,20,49,0.0,1.75,0.930000007152557,5.88000011444092
809,8253242879,2016-04-22,1320,120,0,0,0.0,1.87000000476837,0.0,0.0
810,8253242879,2016-04-23,1193,191,26,30,0.0,3.13000011444092,1.03999996185303,2.08999991416931
811,8253242879,2016-04-24,1313,82,4,41,0.0,1.3400000333786,0.189999997615814,5.59999990463257
812,8253242879,2016-04-25,1261,118,54,7,0.0,1.76999998092651,2.39000010490417,0.360000014305115
813,8253242879,2016-04-26,1299,108,14,19,0.0,1.37000000476837,0.490000009536743,1.17999994754791
814,8253242879,2016-04-27,1286,104,5,45,0.0,1.70000004768372,0.230000004172325,6.23999977111816
815,8253242879,2016-04-28,1393,20,16,11,0.0,0.340000003576279,0.779999971389771,0.670000016689301
816,8253242879,2016-04-29,1257,136,14,16,0.0,2.40000009536743,0.540000021457672,1.28999996185303
817,8253242879,2016-04-30,1440,0,0,0,0.0,0.0,0.0,0.0
818,8378563200,2016-04-12,723,156,15,65,0.0,4.5,0.709999978542328,0.829999983310699
819,8378563200,2016-04-13,680,169,14,116,0.0,4.21000003814697,0.649999976158142,4.96000003814697
820,8378563200,2016-04-14,699,174,21,123,0.0,3.91000008583069,1.02999997138977,5.61999988555908
821,8378563200,2016-04-15,729,190,23,60,0.0,5.40999984741211,1.14999997615814,4.90999984741211
822,8378563200,2016-04-16,563,142,21,64,0.0,2.44000005722046,1.07000005245209,5.36999988555908
823,8378563200,2016-04-17,599,93,0,0,0.0,1.69000005722046,0.0,0.0
824,8378563200,2016-04-18,720,174,10,117,0.0,5.19999980926514,0.560000002384186,5.05000019073486
825,8378563200,2016-04-19,737,154,19,120,0.0,4.17999982833862,0.879999995231628,5.30000019073486
826,8378563200,2016-04-20,763,169,8,82,0.0,4.78000020980835,0.439999997615814,2.23000001907349
827,8378563200,2016-04-21,677,145,16,137,0.0,4.28999996185303,0.819999992847443,6.90000009536743
828,8378563200,2016-04-22,769,159,12,113,0.0,4.17999982833862,0.589999973773956,4.90999984741211
829,8378563200,2016-04-23,740,136,10,19,0.0,2.48000001907349,0.519999980926514,1.51999998092651
830,8378563200,2016-04-24,734,135,0,0,0.0,2.94000005722046,0.0,0.0
831,8378563200,2016-04-25,692,141,16,117,0.0,3.92000007629395,0.870000004768372,5.05000019073486
832,8378563200,2016-04-26,593,161,18,90,0.0,4.42000007629395,0.920000016689301,7.51000022888184
833,8378563200,2016-04-27,676,192,4,4,0.0,5.32999992370605,0.180000007152557,0.330000013113022
834,8378563200,2016-04-28,711,139,10,11,0.0,2.91000008583069,0.490000009536743,0.899999976158142
835,8378563200,2016-04-29,767,172,7,3,0.0,4.26999998092651,0.360000014305115,0.25
836,8378563200,2016-04-30,780,121,0,0,0.0,2.33999991416931,0.0,0.0
837,8378563200,2016-05-01,669,127,10,71,0.0,2.47000002861023,0.560000002384186,6.03000020980835
838,8378563200,2016-05-02,802,142,4,63,0.0,4.01000022888184,0.170000001788139,0.629999995231628
839,8378563200,2016-05-03,822,195,20,71,0.0,4.5,1.05999994277954,1.3400000333786
840,8378563200,2016-05-04,680,167,10,19,0.0,4.19999980926514,0.490000009536743,1.55999994277954
841,8378563200,2016-05-05,764,214,3,66,0.0,5.73999977111816,0.159999996423721,0.889999985694885
842,8378563200,2016-05-06,831,166,5,74,0.0,3.77999997138977,0.25,1.54999995231628
843,8378563200,2016-05-07,851,158,0,0,0.0,3.53999996185303,0.0,0.0
844,8378563200,2016-05-08,621,139,0,0,0.0,2.32999992370605,0.0,0.0
845,8378563200,2016-05-09,772,171,13,71,0.0,4.71999979019165,0.660000026226044,1.26999998092651
846,8378563200,2016-05-10,840,152,13,63,0.0,3.92000007629395,0.639999985694885,0.660000026226044
847,8378563200,2016-05-11,763,184,10,72,0.0,5.26999998092651,0.589999973773956,1.38999998569489
848,8378563200,2016-05-12,433,102,6,8,0.0,2.69000005722046,0.270000010728836,0.649999976158142
849,8583815059,2016-04-12,1237,196,7,0,0.0,3.57999992370605,0.330000013113022,0.0
850,8583815059,2016-04-13,1252,163,23,2,0.0,3.23000001907349,0.970000028610229,0.150000005960464
851,8583815059,2016-04-14,1306,134,0,0,0.0,2.4300000667572,0.0,0.0
852,8583815059,2016-04-15,1375,65,0,0,0.0,0.899999976158142,0.0,0.0
853,8583815059,2016-04-16,1440,0,0,0,0.0,0.0,0.0,0.0
854,8583815059,2016-04-17,1440,0,0,0,0.0,0.0,0.0,0.0
855,8583815059,2016-04-18,1309,105,22,4,0.0,1.35000002384186,1.05999994277954,0.310000002384186
856,8583815059,2016-04-19,1257,166,10,7,0.0,3.44000005722046,0.479999989271164,0.529999971389771
857,8583815059,2016-04-20,1246,167,27,0,0.0,3.0699999332428,1.03999996185303,0.0
858,8583815059,2016-04-21,1229,158,18,35,0.0,3.00999999046326,1.01999998092651,2.63000011444092
859,8583815059,2016-04-22,1170,212,54,4,0.0,4.07999992370605,2.41000008583069,0.28999999165535
860,8583815059,2016-04-23,1151,238,44,7,0.0,4.75,2.02999997138977,0.529999971389771
861,8583815059,2016-04-24,1188,206,44,2,0.0,4.26999998092651,2.04999995231628,0.150000005960464
862,8583815059,2016-04-25,1294,122,6,18,0.0,1.80999994277954,0.239999994635582,1.47000002861023
863,8583815059,2016-04-26,1134,214,91,1,0.0,3.89000010490417,4.21999979019165,0.0700000002980232
864,8583815059,2016-04-27,1229,129,5,77,0.0,2.86999988555908,0.270000010728836,6.59999990463257
865,8583815059,2016-04-28,1209,203,28,0,0.0,3.60999989509583,1.20000004768372,0.0
866,8583815059,2016-04-29,1069,258,67,46,0.0,4.92000007629395,3.0,3.90000009536743
867,8583815059,2016-04-30,1093,317,28,2,0.0,6.42999982833862,1.27999997138977,0.150000005960464
868,8583815059,2016-05-01,1311,117,2,10,0.0,2.03999996185303,0.119999997317791,0.779999971389771
869,8583815059,2016-05-02,1440,0,0,0,0.0,0.0,0.0,0.0
870,8583815059,2016-05-03,1440,0,0,0,0.0,0.0,0.0,0.0
871,8583815059,2016-05-04,1440,0,0,0,0.0,0.0,0.0,0.0
872,8583815059,2016-05-05,1370,70,0,0,0.0,1.17999994754791,0.0,0.0
873,8583815059,2016-05-06,1250,166,22,2,0.0,3.23000001907349,1.19000005722046,0.140000000596046
874,8583815059,2016-05-07,1190,250,0,0,0.0,4.76999998092651,0.0,0.0
875,8583815059,2016-05-08,1183,182,72,3,0.0,3.66000008583069,3.30999994277954,0.219999998807907
876,8583815059,2016-05-09,1260,110,4,66,0.0,1.73000001907349,0.170000001788139,5.76000022888184
877,8583815059,2016-05-10,1226,162,43,9,0.0,3.72000002861023,2.00999999046326,0.689999997615814
878,8583815059,2016-05-11,1106,177,71,5,0.0,3.17000007629395,3.24000000953674,0.370000004768372
879,8583815059,2016-05-12,1440,0,0,0,0.0,0.0,0.0,0.0
880,8792009665,2016-04-12,831,116,0,0,0.0,1.63999998569489,0.0,0.0
881,8792009665,2016-04-13,806,82,0,0,0.0,0.839999973773956,0.0,0.0
882,8792009665,2016-04-14,853,84,0,0,0.0,0.779999971389771,0.0,0.0
883,8792009665,2016-04-15,937,126,0,0,0.0,1.5900000333786,0.0,0.0
884,8792009665,2016-04-16,1428,12,0,0,0.0,0.159999996423721,0.0,0.0
885,8792009665,2016-04-17,1440,0,0,0,0.0,0.0,0.0,0.0
886,8792009665,2016-04-18,1440,0,0,0,0.0,0.0,0.0,0.0
887,8792009665,2016-04-19,1440,0,0,0,0.0,0.0,0.0,0.0
888,8792009665,2016-04-20,744,139,10,0,0.0,1.74000000953674,0.280000001192093,0.0
889,8792009665,2016-04-21,1431,9,0,0,0.0,0.0900000035762787,0.0,0.0
890,8792009665,2016-04-22,817,195,20,1,0.0,2.26999998092651,0.280000001192093,0.0500000007450581
891,8792009665,2016-04-23,795,232,45,8,0.0,2.75,0.439999997615814,0.159999996423721
892,8792009665,2016-04-24,1410,19,8,3,0.0,0.159999996423721,0.0500000007450581,0.0399999991059303
893,8792009665,2016-04-25,1440,0,0,0,0.0,0.0,0.0,0.0
894,8792009665,2016-04-26,1360,80,0,0,0.0,0.850000023841858,0.0,0.0
895,8792009665,2016-04-27,900,112,0,0,0.0,1.12999999523163,0.0,0.0
896,8792009665,2016-04-28,714,310,0,0,0.0,3.94000005722046,0.0,0.0
897,8792009665,2016-04-29,634,380,14,6,0.0,4.92999982833862,0.280000001192093,0.140000000596046
898,8792009665,2016-04-30,749,301,20,10,0.0,3.91000008583069,0.360000014305115,0.330000013113022
899,8792009665,2016-05-01,834,79,0,0,0.0,1.03999996185303,0.0,0.0
900,8792009665,2016-05-02,916,101,0,0,0.0,1.16999995708466,0.0,0.0
901,8792009665,2016-05-03,739,156,0,0,0.0,1.54999995231628,0.0,0.0
902,8792009665,2016-05-04,848,129,0,0,0.0,1.46000003814697,0.0,0.0
903,8792009665,2016-05-05,1440,0,0,0,0.0,0.0,0.0,0.0
904,8792009665,2016-05-06,1440,0,0,0,0.0,0.0,0.0,0.0
905,8792009665,2016-05-07,1440,0,0,0,0.0,0.0,0.0,0.0
906,8792009665,2016-05-08,1440,0,0,0,0.0,0.0,0.0,0.0
907,8792009665,2016-05-09,1440,0,0,0,0.0,0.0,0.0,0.0
908,8792009665,2016-05-10,48,0,0,0,0.0,0.0,0.0,0.0
909,8877689391,2016-04-12,1036,312,7,85,0.0,7.82000017166138,0.340000003576279,12.2200002670288
910,8877689391,2016-04-13,1098,216,18,108,0.0,5.6399998664856,0.379999995231628,3.54999995231628
911,8877689391,2016-04-14,1061,298,13,68,0.0199999995529652,7.75,0.589999973773956,10.5500001907349
912,8877689391,2016-04-15,1052,281,1,106,0.0099999997764825,7.01000022888184,0.0500000007450581,0.0500000007450581
913,8877689391,2016-04-16,888,429,29,94,0.0,10.710000038147,1.21000003814697,13.2399997711182
914,8877689391,2016-04-17,1060,307,15,58,0.0,8.78999996185303,0.0700000002980232,0.0
915,8877689391,2016-04-18,1215,191,5,29,0.0,5.94000005722046,0.270000010728836,2.44000005722046
916,8877689391,2016-04-19,1131,214,13,82,0.0,5.03000020980835,0.180000007152557,12.1499996185303
917,8877689391,2016-04-20,1123,225,19,73,0.0,6.34000015258789,0.689999997615814,11.0200004577637
918,8877689391,2016-04-21,1119,226,13,82,0.0,4.8899998664856,0.419999986886978,12.289999961853
919,8877689391,2016-04-22,1141,236,2,61,0.0500000007450581,5.96999979019165,0.0299999993294477,10.2299995422363
920,8877689391,2016-04-23,1032,300,6,102,0.0099999997764825,7.40000009536743,0.0,0.0
921,8877689391,2016-04-24,1148,227,1,64,0.0,4.69000005722046,0.0099999997764825,11.0100002288818
922,8877689391,2016-04-25,1101,218,8,113,0.0099999997764825,6.26999998092651,0.0700000002980232,2.36999988555908
923,8877689391,2016-04-26,1157,258,3,22,0.0,6.5,0.129999995231628,1.75999999046326
924,8877689391,2016-04-27,1104,235,8,93,0.0,7.09999990463257,0.439999997615814,13.0699996948242
925,8877689391,2016-04-28,1143,231,8,58,0.0,5.96999979019165,0.379999995231628,4.92999982833862
926,8877689391,2016-04-29,1207,210,5,18,0.0,5.78999996185303,0.170000001788139,1.37999999523163
927,8877689391,2016-04-30,1089,223,4,124,0.0,4.92999982833862,0.0799999982118607,21.6599998474121
928,8877689391,2016-05-01,1226,166,12,36,0.0,4.57000017166138,0.569999992847443,3.13000011444092
929,8877689391,2016-05-02,1335,105,0,0,0.0,3.55999994277954,0.0,0.0
930,8877689391,2016-05-03,1189,229,3,19,0.0099999997764825,6.67000007629395,0.100000001490116,1.38999998569489
931,8877689391,2016-05-04,1154,212,8,66,0.0,5.53000020980835,0.310000002384186,10.4200000762939
932,8877689391,2016-05-05,1170,188,15,67,0.0,4.36999988555908,0.819999992847443,5.46000003814697
933,8877689391,2016-05-06,1095,232,17,96,0.0,6.15999984741211,0.28999999165535,12.789999961853
934,8877689391,2016-05-07,1036,271,28,105,0.0,6.98999977111816,0.959999978542328,0.0799999982118607
935,8877689391,2016-05-08,1174,245,4,17,0.0,6.80000019073486,0.200000002980232,1.08000004291534
936,8877689391,2016-05-09,1131,217,19,73,0.0500000007450581,6.23999977111816,0.800000011920929,11.1000003814697
937,8877689391,2016-05-10,1187,224,11,18,0.0,6.28000020980835,0.46000000834465,1.35000002384186
938,8877689391,2016-05-11,1127,213,12,88,0.0,5.8899998664856,0.409999996423721,13.2200002670288
939,8877689391,2016-05-12,770,137,1,23,0.0,4.25,0.0399999991059303,1.82000005245209
